created_at,season,match_round,match_date,home_team,away_team,referee,team,venue,market,prediction,test_line,range_low,range_high,range_probability,range_result,status,actual_value,result,error,abs_error,bias_direction,model_version,settled_at,model_prediction_id,revision,revision_reason,supersedes,original_created_at,model_sha256,training_data_sha256,trained_at,trained_rows,first_kickoff_utc,verified_at,original_archive_sha256
2026-10-09T23:25:19.687085+00:00,2026-27,6,2026-10-10,Arsenal,Leeds,P Tierney,Arsenal,H,corners,5.856362084946944,5.5,4.0,5.0,0.26631216985446193,,pending,,,,,,count-models-v1.4,,7933a3982d5d0149822f,2,officials_available_before_kickoff,7933a3982d5d0149822f,2026-09-22T00:50:34,838c98375b688fa782ea56ab02912e115925da46d52e2d93f95c043bc3f00b9c,14eb95efae31b1f77e05113837006eddaf7c97a4002b5cfd44cd38278595f18e,2026-10-10T01:25:08,3140,2026-10-10T11:30:00+00:00,2026-10-09T23:25:19.685966+00:00,c593f078b64a7cd7d7bbf13371a727b56213dd06d7a0169a12dfd7ae44cbdc11
2026-10-09T23:25:19.687085+00:00,2026-27,6,2026-10-10,Arsenal,Leeds,P Tierney,Arsenal,H,fouls,11.527372494929244,11.5,10.0,12.0,0.34373363408600044,,pending,,,,,,count-models-v1.4,,e850934a9fbfc3d3d3e8,2,officials_available_before_kickoff,e850934a9fbfc3d3d3e8,2026-09-22T00:50:34,ee519f884ee6c84f306880a5c2f49c6d05035366491d13c507558cd35271d6a2,14eb95efae31b1f77e05113837006eddaf7c97a4002b5cfd44cd38278595f18e,2026-10-10T01:25:08,3140,2026-10-10T11:30:00+00:00,2026-10-09T23:25:19.685966+00:00,c593f078b64a7cd7d7bbf13371a727b56213dd06d7a0169a12dfd7ae44cbdc11
2026-10-09T23:25:19.687085+00:00,2026-27,6,2026-10-10,Arsenal,Leeds,P Tierney,Arsenal,H,yellow_cards,1.7959609677056565,1.5,1.0,2.0,0.5657345445763484,,pending,,,,,,count-models-v1.4,,7853541550d06d3cb1f1,2,officials_available_before_kickoff,7853541550d06d3cb1f1,2026-09-22T00:50:34,976b5b266a8008f0e9f6d99d94ba6cdd9d45286f50eb87eedbcbccdc65db9ba9,14eb95efae31b1f77e05113837006eddaf7c97a4002b5cfd44cd38278595f18e,2026-10-10T01:25:10,3140,2026-10-10T11:30:00+00:00,2026-10-09T23:25:19.685966+00:00,c593f078b64a7cd7d7bbf13371a727b56213dd06d7a0169a12dfd7ae44cbdc11
2026-10-09T23:25:19.687085+00:00,2026-27,6,2026-10-10,Arsenal,Leeds,P Tierney,CELKEM,T,corners_total,10.019759268173898,10.5,8.0,10.0,0.3034464406101329,,pending,,,,,,count-models-v1.4,,820e83f1d06dfae94e9f,2,officials_available_before_kickoff,820e83f1d06dfae94e9f,2026-09-22T00:50:34,838c98375b688fa782ea56ab02912e115925da46d52e2d93f95c043bc3f00b9c,14eb95efae31b1f77e05113837006eddaf7c97a4002b5cfd44cd38278595f18e,2026-10-10T01:25:08,3140,2026-10-10T11:30:00+00:00,2026-10-09T23:25:19.685966+00:00,c593f078b64a7cd7d7bbf13371a727b56213dd06d7a0169a12dfd7ae44cbdc11
2026-10-09T23:25:19.687085+00:00,2026-27,6,2026-10-10,Arsenal,Leeds,P Tierney,CELKEM,T,fouls_total,24.609368691322757,24.5,23.0,26.0,0.3133946503023399,,pending,,,,,,count-models-v1.4,,7184043f0cab728589f9,2,officials_available_before_kickoff,7184043f0cab728589f9,2026-09-22T00:50:34,ee519f884ee6c84f306880a5c2f49c6d05035366491d13c507558cd35271d6a2,14eb95efae31b1f77e05113837006eddaf7c97a4002b5cfd44cd38278595f18e,2026-10-10T01:25:08,3140,2026-10-10T11:30:00+00:00,2026-10-09T23:25:19.685966+00:00,c593f078b64a7cd7d7bbf13371a727b56213dd06d7a0169a12dfd7ae44cbdc11
2026-10-09T23:25:19.687085+00:00,2026-27,6,2026-10-10,Arsenal,Leeds,P Tierney,CELKEM,T,yellow_cards_total,3.955480891431679,3.5,3.0,4.0,0.3928344288179524,,pending,,,,,,count-models-v1.4,,087af510dd0b831300af,2,officials_available_before_kickoff,087af510dd0b831300af,2026-09-22T00:50:34,976b5b266a8008f0e9f6d99d94ba6cdd9d45286f50eb87eedbcbccdc65db9ba9,14eb95efae31b1f77e05113837006eddaf7c97a4002b5cfd44cd38278595f18e,2026-10-10T01:25:10,3140,2026-10-10T11:30:00+00:00,2026-10-09T23:25:19.685966+00:00,c593f078b64a7cd7d7bbf13371a727b56213dd06d7a0169a12dfd7ae44cbdc11
2026-10-09T23:25:19.687085+00:00,2026-27,6,2026-10-10,Arsenal,Leeds,P Tierney,Leeds,A,corners,4.163397183226953,4.5,3.0,4.0,0.3325931016906287,,pending,,,,,,count-models-v1.4,,b679be2f449d49c4cb78,2,officials_available_before_kickoff,b679be2f449d49c4cb78,2026-09-22T00:50:34,838c98375b688fa782ea56ab02912e115925da46d52e2d93f95c043bc3f00b9c,14eb95efae31b1f77e05113837006eddaf7c97a4002b5cfd44cd38278595f18e,2026-10-10T01:25:08,3140,2026-10-10T11:30:00+00:00,2026-10-09T23:25:19.685966+00:00,c593f078b64a7cd7d7bbf13371a727b56213dd06d7a0169a12dfd7ae44cbdc11
2026-10-09T23:25:19.687085+00:00,2026-27,6,2026-10-10,Arsenal,Leeds,P Tierney,Leeds,A,fouls,13.081996196393511,13.5,12.0,14.0,0.3218385271608031,,pending,,,,,,count-models-v1.4,,30c8c1ac70b4818691d7,2,officials_available_before_kickoff,30c8c1ac70b4818691d7,2026-09-22T00:50:34,ee519f884ee6c84f306880a5c2f49c6d05035366491d13c507558cd35271d6a2,14eb95efae31b1f77e05113837006eddaf7c97a4002b5cfd44cd38278595f18e,2026-10-10T01:25:08,3140,2026-10-10T11:30:00+00:00,2026-10-09T23:25:19.685966+00:00,c593f078b64a7cd7d7bbf13371a727b56213dd06d7a0169a12dfd7ae44cbdc11
2026-10-09T23:25:19.687085+00:00,2026-27,6,2026-10-10,Arsenal,Leeds,P Tierney,Leeds,A,yellow_cards,2.1595199237260223,2.5,1.0,2.0,0.5182064830803097,,pending,,,,,,count-models-v1.4,,aa8e8482d4ffc0ff4c5e,2,officials_available_before_kickoff,aa8e8482d4ffc0ff4c5e,2026-09-22T00:50:34,976b5b266a8008f0e9f6d99d94ba6cdd9d45286f50eb87eedbcbccdc65db9ba9,14eb95efae31b1f77e05113837006eddaf7c97a4002b5cfd44cd38278595f18e,2026-10-10T01:25:10,3140,2026-10-10T11:30:00+00:00,2026-10-09T23:25:19.685966+00:00,c593f078b64a7cd7d7bbf13371a727b56213dd06d7a0169a12dfd7ae44cbdc11
2026-10-09T23:25:19.687085+00:00,2026-27,6,2026-10-10,Aston Villa,Brentford,C Pawson,Aston Villa,H,corners,4.6505415162221,4.5,3.0,4.0,0.31089987016718024,,pending,,,,,,count-models-v1.4,,e91d2181c0f6c7667f05,2,officials_available_before_kickoff,e91d2181c0f6c7667f05,2026-09-22T00:50:34,838c98375b688fa782ea56ab02912e115925da46d52e2d93f95c043bc3f00b9c,14eb95efae31b1f77e05113837006eddaf7c97a4002b5cfd44cd38278595f18e,2026-10-10T01:25:08,3140,2026-10-10T11:30:00+00:00,2026-10-09T23:25:19.685966+00:00,c593f078b64a7cd7d7bbf13371a727b56213dd06d7a0169a12dfd7ae44cbdc11
2026-10-09T23:25:19.687085+00:00,2026-27,6,2026-10-10,Aston Villa,Brentford,C Pawson,Aston Villa,H,fouls,10.323038061952483,10.5,9.0,11.0,0.361862417266287,,pending,,,,,,count-models-v1.4,,f84ff3740ad462446038,2,officials_available_before_kickoff,f84ff3740ad462446038,2026-09-22T00:50:34,ee519f884ee6c84f306880a5c2f49c6d05035366491d13c507558cd35271d6a2,14eb95efae31b1f77e05113837006eddaf7c97a4002b5cfd44cd38278595f18e,2026-10-10T01:25:08,3140,2026-10-10T11:30:00+00:00,2026-10-09T23:25:19.685966+00:00,c593f078b64a7cd7d7bbf13371a727b56213dd06d7a0169a12dfd7ae44cbdc11
2026-10-09T23:25:19.687085+00:00,2026-27,6,2026-10-10,Aston Villa,Brentford,C Pawson,Aston Villa,H,yellow_cards,1.7943040460454893,1.5,1.0,2.0,0.5659027751010145,,pending,,,,,,count-models-v1.4,,17037dafd0cc4eed0f22,2,officials_available_before_kickoff,17037dafd0cc4eed0f22,2026-09-22T00:50:34,976b5b266a8008f0e9f6d99d94ba6cdd9d45286f50eb87eedbcbccdc65db9ba9,14eb95efae31b1f77e05113837006eddaf7c97a4002b5cfd44cd38278595f18e,2026-10-10T01:25:10,3140,2026-10-10T11:30:00+00:00,2026-10-09T23:25:19.685966+00:00,c593f078b64a7cd7d7bbf13371a727b56213dd06d7a0169a12dfd7ae44cbdc11
2026-10-09T23:25:19.687085+00:00,2026-27,6,2026-10-10,Aston Villa,Brentford,C Pawson,Brentford,A,corners,5.299491606405139,5.5,4.0,5.0,0.28461457230104587,,pending,,,,,,count-models-v1.4,,a4fdc0e29b0f0a88d90a,2,officials_available_before_kickoff,a4fdc0e29b0f0a88d90a,2026-09-22T00:50:34,838c98375b688fa782ea56ab02912e115925da46d52e2d93f95c043bc3f00b9c,14eb95efae31b1f77e05113837006eddaf7c97a4002b5cfd44cd38278595f18e,2026-10-10T01:25:08,3140,2026-10-10T11:30:00+00:00,2026-10-09T23:25:19.685966+00:00,c593f078b64a7cd7d7bbf13371a727b56213dd06d7a0169a12dfd7ae44cbdc11
2026-10-09T23:25:19.687085+00:00,2026-27,6,2026-10-10,Aston Villa,Brentford,C Pawson,Brentford,A,fouls,11.951606619344693,11.5,10.0,12.0,0.33485412469300413,,pending,,,,,,count-models-v1.4,,4c61a3881c7e81c0dd58,2,officials_available_before_kickoff,4c61a3881c7e81c0dd58,2026-09-22T00:50:34,ee519f884ee6c84f306880a5c2f49c6d05035366491d13c507558cd35271d6a2,14eb95efae31b1f77e05113837006eddaf7c97a4002b5cfd44cd38278595f18e,2026-10-10T01:25:08,3140,2026-10-10T11:30:00+00:00,2026-10-09T23:25:19.685966+00:00,c593f078b64a7cd7d7bbf13371a727b56213dd06d7a0169a12dfd7ae44cbdc11
2026-10-09T23:25:19.687085+00:00,2026-27,6,2026-10-10,Aston Villa,Brentford,C Pawson,Brentford,A,yellow_cards,2.1365775413434607,2.5,1.0,2.0,0.5217061984788911,,pending,,,,,,count-models-v1.4,,2a272c3c6ec3415040d8,2,officials_available_before_kickoff,2a272c3c6ec3415040d8,2026-09-22T00:50:34,976b5b266a8008f0e9f6d99d94ba6cdd9d45286f50eb87eedbcbccdc65db9ba9,14eb95efae31b1f77e05113837006eddaf7c97a4002b5cfd44cd38278595f18e,2026-10-10T01:25:10,3140,2026-10-10T11:30:00+00:00,2026-10-09T23:25:19.685966+00:00,c593f078b64a7cd7d7bbf13371a727b56213dd06d7a0169a12dfd7ae44cbdc11
2026-10-09T23:25:19.687085+00:00,2026-27,6,2026-10-10,Aston Villa,Brentford,C Pawson,CELKEM,T,corners_total,9.95003312262724,9.5,8.0,10.0,0.30588649596950146,,pending,,,,,,count-models-v1.4,,89576f526547065042fb,2,officials_available_before_kickoff,89576f526547065042fb,2026-09-22T00:50:34,838c98375b688fa782ea56ab02912e115925da46d52e2d93f95c043bc3f00b9c,14eb95efae31b1f77e05113837006eddaf7c97a4002b5cfd44cd38278595f18e,2026-10-10T01:25:08,3140,2026-10-10T11:30:00+00:00,2026-10-09T23:25:19.685966+00:00,c593f078b64a7cd7d7bbf13371a727b56213dd06d7a0169a12dfd7ae44cbdc11
2026-10-09T23:25:19.687085+00:00,2026-27,6,2026-10-10,Aston Villa,Brentford,C Pawson,CELKEM,T,fouls_total,22.274644681297175,22.5,20.0,23.0,0.32882265736707406,,pending,,,,,,count-models-v1.4,,3997874412d220d6a39f,2,officials_available_before_kickoff,3997874412d220d6a39f,2026-09-22T00:50:34,ee519f884ee6c84f306880a5c2f49c6d05035366491d13c507558cd35271d6a2,14eb95efae31b1f77e05113837006eddaf7c97a4002b5cfd44cd38278595f18e,2026-10-10T01:25:08,3140,2026-10-10T11:30:00+00:00,2026-10-09T23:25:19.685966+00:00,c593f078b64a7cd7d7bbf13371a727b56213dd06d7a0169a12dfd7ae44cbdc11
2026-10-09T23:25:19.687085+00:00,2026-27,6,2026-10-10,Aston Villa,Brentford,C Pawson,CELKEM,T,yellow_cards_total,3.93088158738895,3.5,3.0,4.0,0.39393078903930784,,pending,,,,,,count-models-v1.4,,2b3d997b435de36759dc,2,officials_available_before_kickoff,2b3d997b435de36759dc,2026-09-22T00:50:34,976b5b266a8008f0e9f6d99d94ba6cdd9d45286f50eb87eedbcbccdc65db9ba9,14eb95efae31b1f77e05113837006eddaf7c97a4002b5cfd44cd38278595f18e,2026-10-10T01:25:10,3140,2026-10-10T11:30:00+00:00,2026-10-09T23:25:19.685966+00:00,c593f078b64a7cd7d7bbf13371a727b56213dd06d7a0169a12dfd7ae44cbdc11
2026-10-09T23:25:19.687085+00:00,2026-27,6,2026-10-10,Chelsea,Bournemouth,S Barrott,Bournemouth,A,corners,4.849103648898625,4.5,3.0,4.0,0.3004922310747947,,pending,,,,,,count-models-v1.4,,06b5792998eed93085bd,2,officials_available_before_kickoff,06b5792998eed93085bd,2026-09-22T00:50:34,838c98375b688fa782ea56ab02912e115925da46d52e2d93f95c043bc3f00b9c,14eb95efae31b1f77e05113837006eddaf7c97a4002b5cfd44cd38278595f18e,2026-10-10T01:25:08,3140,2026-10-10T11:30:00+00:00,2026-10-09T23:25:19.685966+00:00,c593f078b64a7cd7d7bbf13371a727b56213dd06d7a0169a12dfd7ae44cbdc11
2026-10-09T23:25:19.687085+00:00,2026-27,6,2026-10-10,Chelsea,Bournemouth,S Barrott,Bournemouth,A,fouls,11.723936753688612,11.5,10.0,12.0,0.3401626343557071,,pending,,,,,,count-models-v1.4,,52d4d43d9343f1a897ab,2,officials_available_before_kickoff,52d4d43d9343f1a897ab,2026-09-22T00:50:34,ee519f884ee6c84f306880a5c2f49c6d05035366491d13c507558cd35271d6a2,14eb95efae31b1f77e05113837006eddaf7c97a4002b5cfd44cd38278595f18e,2026-10-10T01:25:08,3140,2026-10-10T11:30:00+00:00,2026-10-09T23:25:19.685966+00:00,c593f078b64a7cd7d7bbf13371a727b56213dd06d7a0169a12dfd7ae44cbdc11
2026-10-09T23:25:19.687085+00:00,2026-27,6,2026-10-10,Chelsea,Bournemouth,S Barrott,Bournemouth,A,yellow_cards,2.303227597095437,2.5,1.0,2.0,0.49524732722790055,,pending,,,,,,count-models-v1.4,,ceca994019ab9e19f6b4,2,officials_available_before_kickoff,ceca994019ab9e19f6b4,2026-09-22T00:50:34,976b5b266a8008f0e9f6d99d94ba6cdd9d45286f50eb87eedbcbccdc65db9ba9,14eb95efae31b1f77e05113837006eddaf7c97a4002b5cfd44cd38278595f18e,2026-10-10T01:25:10,3140,2026-10-10T11:30:00+00:00,2026-10-09T23:25:19.685966+00:00,c593f078b64a7cd7d7bbf13371a727b56213dd06d7a0169a12dfd7ae44cbdc11
2026-10-09T23:25:19.687085+00:00,2026-27,6,2026-10-10,Chelsea,Bournemouth,S Barrott,CELKEM,T,corners_total,10.767138144330579,10.5,9.0,11.0,0.2895024729016363,,pending,,,,,,count-models-v1.4,,619554d2b55a2da61ffa,2,officials_available_before_kickoff,619554d2b55a2da61ffa,2026-09-22T00:50:34,838c98375b688fa782ea56ab02912e115925da46d52e2d93f95c043bc3f00b9c,14eb95efae31b1f77e05113837006eddaf7c97a4002b5cfd44cd38278595f18e,2026-10-10T01:25:08,3140,2026-10-10T11:30:00+00:00,2026-10-09T23:25:19.685966+00:00,c593f078b64a7cd7d7bbf13371a727b56213dd06d7a0169a12dfd7ae44cbdc11
2026-10-09T23:25:19.687085+00:00,2026-27,6,2026-10-10,Chelsea,Bournemouth,S Barrott,CELKEM,T,fouls_total,22.590330061039225,22.5,21.0,24.0,0.32626326901006786,,pending,,,,,,count-models-v1.4,,7b8e4fa867948c37ef6d,2,officials_available_before_kickoff,7b8e4fa867948c37ef6d,2026-09-22T00:50:34,ee519f884ee6c84f306880a5c2f49c6d05035366491d13c507558cd35271d6a2,14eb95efae31b1f77e05113837006eddaf7c97a4002b5cfd44cd38278595f18e,2026-10-10T01:25:08,3140,2026-10-10T11:30:00+00:00,2026-10-09T23:25:19.685966+00:00,c593f078b64a7cd7d7bbf13371a727b56213dd06d7a0169a12dfd7ae44cbdc11
2026-10-09T23:25:19.687085+00:00,2026-27,6,2026-10-10,Chelsea,Bournemouth,S Barrott,CELKEM,T,yellow_cards_total,4.013071686729473,4.5,3.0,4.0,0.39008895201883886,,pending,,,,,,count-models-v1.4,,5437ea896054ca10cbf7,2,officials_available_before_kickoff,5437ea896054ca10cbf7,2026-09-22T00:50:34,976b5b266a8008f0e9f6d99d94ba6cdd9d45286f50eb87eedbcbccdc65db9ba9,14eb95efae31b1f77e05113837006eddaf7c97a4002b5cfd44cd38278595f18e,2026-10-10T01:25:10,3140,2026-10-10T11:30:00+00:00,2026-10-09T23:25:19.685966+00:00,c593f078b64a7cd7d7bbf13371a727b56213dd06d7a0169a12dfd7ae44cbdc11
2026-10-09T23:25:19.687085+00:00,2026-27,6,2026-10-10,Chelsea,Bournemouth,S Barrott,Chelsea,H,corners,5.918034495431954,5.5,4.0,5.0,0.26398572859310826,,pending,,,,,,count-models-v1.4,,6cdb7069e4a169cadfd9,2,officials_available_before_kickoff,6cdb7069e4a169cadfd9,2026-09-22T00:50:34,838c98375b688fa782ea56ab02912e115925da46d52e2d93f95c043bc3f00b9c,14eb95efae31b1f77e05113837006eddaf7c97a4002b5cfd44cd38278595f18e,2026-10-10T01:25:08,3140,2026-10-10T11:30:00+00:00,2026-10-09T23:25:19.685966+00:00,c593f078b64a7cd7d7bbf13371a727b56213dd06d7a0169a12dfd7ae44cbdc11
2026-10-09T23:25:19.687085+00:00,2026-27,6,2026-10-10,Chelsea,Bournemouth,S Barrott,Chelsea,H,fouls,10.866393307350613,10.5,9.0,11.0,0.35114720179331266,,pending,,,,,,count-models-v1.4,,2457c2e40f33efc1990a,2,officials_available_before_kickoff,2457c2e40f33efc1990a,2026-09-22T00:50:34,ee519f884ee6c84f306880a5c2f49c6d05035366491d13c507558cd35271d6a2,14eb95efae31b1f77e05113837006eddaf7c97a4002b5cfd44cd38278595f18e,2026-10-10T01:25:08,3140,2026-10-10T11:30:00+00:00,2026-10-09T23:25:19.685966+00:00,c593f078b64a7cd7d7bbf13371a727b56213dd06d7a0169a12dfd7ae44cbdc11
2026-10-09T23:25:19.687085+00:00,2026-27,6,2026-10-10,Chelsea,Bournemouth,S Barrott,Chelsea,H,yellow_cards,1.7098440896340361,1.5,1.0,2.0,0.573728364007145,,pending,,,,,,count-models-v1.4,,f7ad350b06b6262157d0,2,officials_available_before_kickoff,f7ad350b06b6262157d0,2026-09-22T00:50:34,976b5b266a8008f0e9f6d99d94ba6cdd9d45286f50eb87eedbcbccdc65db9ba9,14eb95efae31b1f77e05113837006eddaf7c97a4002b5cfd44cd38278595f18e,2026-10-10T01:25:10,3140,2026-10-10T11:30:00+00:00,2026-10-09T23:25:19.685966+00:00,c593f078b64a7cd7d7bbf13371a727b56213dd06d7a0169a12dfd7ae44cbdc11
2026-10-09T23:25:19.687085+00:00,2026-27,6,2026-10-12,Coventry,Newcastle United,J Brooks,CELKEM,T,corners_total,9.7888045505253,9.5,8.0,10.0,0.308728814770709,,pending,,,,,,count-models-v1.4,,dc4590de87e49e2f56f9,2,officials_available_before_kickoff,dc4590de87e49e2f56f9,2026-09-22T00:50:34,838c98375b688fa782ea56ab02912e115925da46d52e2d93f95c043bc3f00b9c,14eb95efae31b1f77e05113837006eddaf7c97a4002b5cfd44cd38278595f18e,2026-10-10T01:25:08,3140,2026-10-10T11:30:00+00:00,2026-10-09T23:25:19.685966+00:00,c593f078b64a7cd7d7bbf13371a727b56213dd06d7a0169a12dfd7ae44cbdc11
2026-10-09T23:25:19.687085+00:00,2026-27,6,2026-10-12,Coventry,Newcastle United,J Brooks,CELKEM,T,fouls_total,23.40964225668828,23.5,21.0,24.0,0.32053661319027016,,pending,,,,,,count-models-v1.4,,e01611ee49714e8c6eca,2,officials_available_before_kickoff,e01611ee49714e8c6eca,2026-09-22T00:50:34,ee519f884ee6c84f306880a5c2f49c6d05035366491d13c507558cd35271d6a2,14eb95efae31b1f77e05113837006eddaf7c97a4002b5cfd44cd38278595f18e,2026-10-10T01:25:08,3140,2026-10-10T11:30:00+00:00,2026-10-09T23:25:19.685966+00:00,c593f078b64a7cd7d7bbf13371a727b56213dd06d7a0169a12dfd7ae44cbdc11
2026-10-09T23:25:19.687085+00:00,2026-27,6,2026-10-12,Coventry,Newcastle United,J Brooks,CELKEM,T,yellow_cards_total,3.7057544011558146,3.5,3.0,4.0,0.40164755983767264,,pending,,,,,,count-models-v1.4,,434cf0bbc6b409b3ce06,2,officials_available_before_kickoff,434cf0bbc6b409b3ce06,2026-09-22T00:50:34,976b5b266a8008f0e9f6d99d94ba6cdd9d45286f50eb87eedbcbccdc65db9ba9,14eb95efae31b1f77e05113837006eddaf7c97a4002b5cfd44cd38278595f18e,2026-10-10T01:25:10,3140,2026-10-10T11:30:00+00:00,2026-10-09T23:25:19.685966+00:00,c593f078b64a7cd7d7bbf13371a727b56213dd06d7a0169a12dfd7ae44cbdc11
2026-10-09T23:25:19.687085+00:00,2026-27,6,2026-10-12,Coventry,Newcastle United,J Brooks,Coventry,H,corners,5.217501249363099,5.5,4.0,5.0,0.2867840379095432,,pending,,,,,,count-models-v1.4,,160401387269f188d687,2,officials_available_before_kickoff,160401387269f188d687,2026-09-22T00:50:34,838c98375b688fa782ea56ab02912e115925da46d52e2d93f95c043bc3f00b9c,14eb95efae31b1f77e05113837006eddaf7c97a4002b5cfd44cd38278595f18e,2026-10-10T01:25:08,3140,2026-10-10T11:30:00+00:00,2026-10-09T23:25:19.685966+00:00,c593f078b64a7cd7d7bbf13371a727b56213dd06d7a0169a12dfd7ae44cbdc11
2026-10-09T23:25:19.687085+00:00,2026-27,6,2026-10-12,Coventry,Newcastle United,J Brooks,Coventry,H,fouls,12.160063925290983,12.5,11.0,13.0,0.33385550151094134,,pending,,,,,,count-models-v1.4,,26059c63a92886169bc9,2,officials_available_before_kickoff,26059c63a92886169bc9,2026-09-22T00:50:34,ee519f884ee6c84f306880a5c2f49c6d05035366491d13c507558cd35271d6a2,14eb95efae31b1f77e05113837006eddaf7c97a4002b5cfd44cd38278595f18e,2026-10-10T01:25:08,3140,2026-10-10T11:30:00+00:00,2026-10-09T23:25:19.685966+00:00,c593f078b64a7cd7d7bbf13371a727b56213dd06d7a0169a12dfd7ae44cbdc11
2026-10-09T23:25:19.687085+00:00,2026-27,6,2026-10-12,Coventry,Newcastle United,J Brooks,Coventry,H,yellow_cards,1.8067785740386393,1.5,1.0,2.0,0.564623029171315,,pending,,,,,,count-models-v1.4,,52237976c03245db6580,2,officials_available_before_kickoff,52237976c03245db6580,2026-09-22T00:50:34,976b5b266a8008f0e9f6d99d94ba6cdd9d45286f50eb87eedbcbccdc65db9ba9,14eb95efae31b1f77e05113837006eddaf7c97a4002b5cfd44cd38278595f18e,2026-10-10T01:25:10,3140,2026-10-10T11:30:00+00:00,2026-10-09T23:25:19.685966+00:00,c593f078b64a7cd7d7bbf13371a727b56213dd06d7a0169a12dfd7ae44cbdc11
2026-10-09T23:25:19.687085+00:00,2026-27,6,2026-10-12,Coventry,Newcastle United,J Brooks,Newcastle United,A,corners,4.571303301162202,4.5,3.0,4.0,0.31484727175167515,,pending,,,,,,count-models-v1.4,,c4c77cde6ceebfc0edd8,2,officials_available_before_kickoff,c4c77cde6ceebfc0edd8,2026-09-22T00:50:34,838c98375b688fa782ea56ab02912e115925da46d52e2d93f95c043bc3f00b9c,14eb95efae31b1f77e05113837006eddaf7c97a4002b5cfd44cd38278595f18e,2026-10-10T01:25:08,3140,2026-10-10T11:30:00+00:00,2026-10-09T23:25:19.685966+00:00,c593f078b64a7cd7d7bbf13371a727b56213dd06d7a0169a12dfd7ae44cbdc11
2026-10-09T23:25:19.687085+00:00,2026-27,6,2026-10-12,Coventry,Newcastle United,J Brooks,Newcastle United,A,fouls,11.249578331397295,11.5,10.0,12.0,0.34705103257792924,,pending,,,,,,count-models-v1.4,,250bf28db626a59a5910,2,officials_available_before_kickoff,250bf28db626a59a5910,2026-09-22T00:50:34,ee519f884ee6c84f306880a5c2f49c6d05035366491d13c507558cd35271d6a2,14eb95efae31b1f77e05113837006eddaf7c97a4002b5cfd44cd38278595f18e,2026-10-10T01:25:08,3140,2026-10-10T11:30:00+00:00,2026-10-09T23:25:19.685966+00:00,c593f078b64a7cd7d7bbf13371a727b56213dd06d7a0169a12dfd7ae44cbdc11
2026-10-09T23:25:19.687085+00:00,2026-27,6,2026-10-12,Coventry,Newcastle United,J Brooks,Newcastle United,A,yellow_cards,1.8989758271171753,1.5,1.0,2.0,0.5542749614905405,,pending,,,,,,count-models-v1.4,,0fec452cd94b3f948ea3,2,officials_available_before_kickoff,0fec452cd94b3f948ea3,2026-09-22T00:50:34,976b5b266a8008f0e9f6d99d94ba6cdd9d45286f50eb87eedbcbccdc65db9ba9,14eb95efae31b1f77e05113837006eddaf7c97a4002b5cfd44cd38278595f18e,2026-10-10T01:25:10,3140,2026-10-10T11:30:00+00:00,2026-10-09T23:25:19.685966+00:00,c593f078b64a7cd7d7bbf13371a727b56213dd06d7a0169a12dfd7ae44cbdc11
2026-10-09T23:25:19.687085+00:00,2026-27,6,2026-10-11,Crystal Palace,Nottingham Forest,P Bankes,CELKEM,T,corners_total,9.563620816502183,9.5,8.0,10.0,0.3118736378261792,,pending,,,,,,count-models-v1.4,,c4a0935871e4801e8752,2,officials_available_before_kickoff,c4a0935871e4801e8752,2026-09-22T00:50:34,838c98375b688fa782ea56ab02912e115925da46d52e2d93f95c043bc3f00b9c,14eb95efae31b1f77e05113837006eddaf7c97a4002b5cfd44cd38278595f18e,2026-10-10T01:25:08,3140,2026-10-10T11:30:00+00:00,2026-10-09T23:25:19.685966+00:00,c593f078b64a7cd7d7bbf13371a727b56213dd06d7a0169a12dfd7ae44cbdc11
2026-10-09T23:25:19.687085+00:00,2026-27,6,2026-10-11,Crystal Palace,Nottingham Forest,P Bankes,CELKEM,T,fouls_total,22.795108736623714,22.5,21.0,24.0,0.3256502625916474,,pending,,,,,,count-models-v1.4,,c86095479d740360d802,2,officials_available_before_kickoff,c86095479d740360d802,2026-09-22T00:50:34,ee519f884ee6c84f306880a5c2f49c6d05035366491d13c507558cd35271d6a2,14eb95efae31b1f77e05113837006eddaf7c97a4002b5cfd44cd38278595f18e,2026-10-10T01:25:08,3140,2026-10-10T11:30:00+00:00,2026-10-09T23:25:19.685966+00:00,c593f078b64a7cd7d7bbf13371a727b56213dd06d7a0169a12dfd7ae44cbdc11
2026-10-09T23:25:19.687085+00:00,2026-27,6,2026-10-11,Crystal Palace,Nottingham Forest,P Bankes,CELKEM,T,yellow_cards_total,3.9106967846998972,3.5,3.0,4.0,0.3947952289272772,,pending,,,,,,count-models-v1.4,,61b536c8b3f34d6e6e79,2,officials_available_before_kickoff,61b536c8b3f34d6e6e79,2026-09-22T00:50:34,976b5b266a8008f0e9f6d99d94ba6cdd9d45286f50eb87eedbcbccdc65db9ba9,14eb95efae31b1f77e05113837006eddaf7c97a4002b5cfd44cd38278595f18e,2026-10-10T01:25:10,3140,2026-10-10T11:30:00+00:00,2026-10-09T23:25:19.685966+00:00,c593f078b64a7cd7d7bbf13371a727b56213dd06d7a0169a12dfd7ae44cbdc11
2026-10-09T23:25:19.687085+00:00,2026-27,6,2026-10-11,Crystal Palace,Nottingham Forest,P Bankes,Crystal Palace,H,corners,4.393014350706502,4.5,3.0,4.0,0.32319364413278207,,pending,,,,,,count-models-v1.4,,182380cebc3c68ebccad,2,officials_available_before_kickoff,182380cebc3c68ebccad,2026-09-22T00:50:34,838c98375b688fa782ea56ab02912e115925da46d52e2d93f95c043bc3f00b9c,14eb95efae31b1f77e05113837006eddaf7c97a4002b5cfd44cd38278595f18e,2026-10-10T01:25:08,3140,2026-10-10T11:30:00+00:00,2026-10-09T23:25:19.685966+00:00,c593f078b64a7cd7d7bbf13371a727b56213dd06d7a0169a12dfd7ae44cbdc11
2026-10-09T23:25:19.687085+00:00,2026-27,6,2026-10-11,Crystal Palace,Nottingham Forest,P Bankes,Crystal Palace,H,fouls,10.987874225902454,10.5,10.0,12.0,0.3481947916822958,,pending,,,,,,count-models-v1.4,,fb98997e7b0d4e7aa6c7,2,officials_available_before_kickoff,fb98997e7b0d4e7aa6c7,2026-09-22T00:50:34,ee519f884ee6c84f306880a5c2f49c6d05035366491d13c507558cd35271d6a2,14eb95efae31b1f77e05113837006eddaf7c97a4002b5cfd44cd38278595f18e,2026-10-10T01:25:08,3140,2026-10-10T11:30:00+00:00,2026-10-09T23:25:19.685966+00:00,c593f078b64a7cd7d7bbf13371a727b56213dd06d7a0169a12dfd7ae44cbdc11
2026-10-09T23:25:19.687085+00:00,2026-27,6,2026-10-11,Crystal Palace,Nottingham Forest,P Bankes,Crystal Palace,H,yellow_cards,1.6579945183101708,1.5,1.0,2.0,0.5777477657747057,,pending,,,,,,count-models-v1.4,,af6d760b675546ba7a04,2,officials_available_before_kickoff,af6d760b675546ba7a04,2026-09-22T00:50:34,976b5b266a8008f0e9f6d99d94ba6cdd9d45286f50eb87eedbcbccdc65db9ba9,14eb95efae31b1f77e05113837006eddaf7c97a4002b5cfd44cd38278595f18e,2026-10-10T01:25:10,3140,2026-10-10T11:30:00+00:00,2026-10-09T23:25:19.685966+00:00,c593f078b64a7cd7d7bbf13371a727b56213dd06d7a0169a12dfd7ae44cbdc11
2026-10-09T23:25:19.687085+00:00,2026-27,6,2026-10-11,Crystal Palace,Nottingham Forest,P Bankes,Nottingham Forest,A,corners,5.170606465795681,5.5,4.0,5.0,0.2879502613372617,,pending,,,,,,count-models-v1.4,,d6630cc50b2113c7e6b0,2,officials_available_before_kickoff,d6630cc50b2113c7e6b0,2026-09-22T00:50:34,838c98375b688fa782ea56ab02912e115925da46d52e2d93f95c043bc3f00b9c,14eb95efae31b1f77e05113837006eddaf7c97a4002b5cfd44cd38278595f18e,2026-10-10T01:25:08,3140,2026-10-10T11:30:00+00:00,2026-10-09T23:25:19.685966+00:00,c593f078b64a7cd7d7bbf13371a727b56213dd06d7a0169a12dfd7ae44cbdc11
2026-10-09T23:25:19.687085+00:00,2026-27,6,2026-10-11,Crystal Palace,Nottingham Forest,P Bankes,Nottingham Forest,A,fouls,11.80723451072126,11.5,10.0,12.0,0.3383613938415417,,pending,,,,,,count-models-v1.4,,e5835bc91d0b8f8fada5,2,officials_available_before_kickoff,e5835bc91d0b8f8fada5,2026-09-22T00:50:34,ee519f884ee6c84f306880a5c2f49c6d05035366491d13c507558cd35271d6a2,14eb95efae31b1f77e05113837006eddaf7c97a4002b5cfd44cd38278595f18e,2026-10-10T01:25:08,3140,2026-10-10T11:30:00+00:00,2026-10-09T23:25:19.685966+00:00,c593f078b64a7cd7d7bbf13371a727b56213dd06d7a0169a12dfd7ae44cbdc11
2026-10-09T23:25:19.687085+00:00,2026-27,6,2026-10-11,Crystal Palace,Nottingham Forest,P Bankes,Nottingham Forest,A,yellow_cards,2.2527022663897265,2.5,1.0,2.0,0.503503640827573,,pending,,,,,,count-models-v1.4,,f8f58ff2a157c87f11bb,2,officials_available_before_kickoff,f8f58ff2a157c87f11bb,2026-09-22T00:50:34,976b5b266a8008f0e9f6d99d94ba6cdd9d45286f50eb87eedbcbccdc65db9ba9,14eb95efae31b1f77e05113837006eddaf7c97a4002b5cfd44cd38278595f18e,2026-10-10T01:25:10,3140,2026-10-10T11:30:00+00:00,2026-10-09T23:25:19.685966+00:00,c593f078b64a7cd7d7bbf13371a727b56213dd06d7a0169a12dfd7ae44cbdc11
2026-10-09T23:25:19.687085+00:00,2026-27,6,2026-10-11,Hull,Everton,M Salisbury,CELKEM,T,corners_total,10.572170554637593,10.5,9.0,11.0,0.29142776592492603,,pending,,,,,,count-models-v1.4,,90c28ddd232de778e1b9,2,officials_available_before_kickoff,90c28ddd232de778e1b9,2026-09-22T00:50:34,838c98375b688fa782ea56ab02912e115925da46d52e2d93f95c043bc3f00b9c,14eb95efae31b1f77e05113837006eddaf7c97a4002b5cfd44cd38278595f18e,2026-10-10T01:25:08,3140,2026-10-10T11:30:00+00:00,2026-10-09T23:25:19.685966+00:00,c593f078b64a7cd7d7bbf13371a727b56213dd06d7a0169a12dfd7ae44cbdc11
2026-10-09T23:25:19.687085+00:00,2026-27,6,2026-10-11,Hull,Everton,M Salisbury,CELKEM,T,fouls_total,20.31179187071814,20.5,18.0,21.0,0.3432269288980075,,pending,,,,,,count-models-v1.4,,9314ce2fd5147aaa1543,2,officials_available_before_kickoff,9314ce2fd5147aaa1543,2026-09-22T00:50:34,ee519f884ee6c84f306880a5c2f49c6d05035366491d13c507558cd35271d6a2,14eb95efae31b1f77e05113837006eddaf7c97a4002b5cfd44cd38278595f18e,2026-10-10T01:25:08,3140,2026-10-10T11:30:00+00:00,2026-10-09T23:25:19.685966+00:00,c593f078b64a7cd7d7bbf13371a727b56213dd06d7a0169a12dfd7ae44cbdc11
2026-10-09T23:25:19.687085+00:00,2026-27,6,2026-10-11,Hull,Everton,M Salisbury,CELKEM,T,yellow_cards_total,3.7903949281914153,3.5,3.0,4.0,0.3992583595139539,,pending,,,,,,count-models-v1.4,,658258f13bf1e244ea2f,2,officials_available_before_kickoff,658258f13bf1e244ea2f,2026-09-22T00:50:34,976b5b266a8008f0e9f6d99d94ba6cdd9d45286f50eb87eedbcbccdc65db9ba9,14eb95efae31b1f77e05113837006eddaf7c97a4002b5cfd44cd38278595f18e,2026-10-10T01:25:10,3140,2026-10-10T11:30:00+00:00,2026-10-09T23:25:19.685966+00:00,c593f078b64a7cd7d7bbf13371a727b56213dd06d7a0169a12dfd7ae44cbdc11
2026-10-09T23:25:19.687085+00:00,2026-27,6,2026-10-11,Hull,Everton,M Salisbury,Everton,A,corners,5.980343757705776,5.5,4.0,5.0,0.2615894818786019,,pending,,,,,,count-models-v1.4,,fed961e46bd1e6212c13,2,officials_available_before_kickoff,fed961e46bd1e6212c13,2026-09-22T00:50:34,838c98375b688fa782ea56ab02912e115925da46d52e2d93f95c043bc3f00b9c,14eb95efae31b1f77e05113837006eddaf7c97a4002b5cfd44cd38278595f18e,2026-10-10T01:25:08,3140,2026-10-10T11:30:00+00:00,2026-10-09T23:25:19.685966+00:00,c593f078b64a7cd7d7bbf13371a727b56213dd06d7a0169a12dfd7ae44cbdc11
2026-10-09T23:25:19.687085+00:00,2026-27,6,2026-10-11,Hull,Everton,M Salisbury,Everton,A,fouls,8.926719659899849,8.5,7.0,9.0,0.3835246677390501,,pending,,,,,,count-models-v1.4,,b9ca45a568d25d0ba612,2,officials_available_before_kickoff,b9ca45a568d25d0ba612,2026-09-22T00:50:34,ee519f884ee6c84f306880a5c2f49c6d05035366491d13c507558cd35271d6a2,14eb95efae31b1f77e05113837006eddaf7c97a4002b5cfd44cd38278595f18e,2026-10-10T01:25:08,3140,2026-10-10T11:30:00+00:00,2026-10-09T23:25:19.685966+00:00,c593f078b64a7cd7d7bbf13371a727b56213dd06d7a0169a12dfd7ae44cbdc11
2026-10-09T23:25:19.687085+00:00,2026-27,6,2026-10-11,Hull,Everton,M Salisbury,Everton,A,yellow_cards,1.4961545922048824,1.5,1.0,2.0,0.5858216513491801,,pending,,,,,,count-models-v1.4,,f1248d4bafb0588367b8,2,officials_available_before_kickoff,f1248d4bafb0588367b8,2026-09-22T00:50:34,976b5b266a8008f0e9f6d99d94ba6cdd9d45286f50eb87eedbcbccdc65db9ba9,14eb95efae31b1f77e05113837006eddaf7c97a4002b5cfd44cd38278595f18e,2026-10-10T01:25:10,3140,2026-10-10T11:30:00+00:00,2026-10-09T23:25:19.685966+00:00,c593f078b64a7cd7d7bbf13371a727b56213dd06d7a0169a12dfd7ae44cbdc11
2026-10-09T23:25:19.687085+00:00,2026-27,6,2026-10-11,Hull,Everton,M Salisbury,Hull,H,corners,4.591826796931817,4.5,3.0,4.0,0.313837642864091,,pending,,,,,,count-models-v1.4,,46a0d7a657720c205d85,2,officials_available_before_kickoff,46a0d7a657720c205d85,2026-09-22T00:50:34,838c98375b688fa782ea56ab02912e115925da46d52e2d93f95c043bc3f00b9c,14eb95efae31b1f77e05113837006eddaf7c97a4002b5cfd44cd38278595f18e,2026-10-10T01:25:08,3140,2026-10-10T11:30:00+00:00,2026-10-09T23:25:19.685966+00:00,c593f078b64a7cd7d7bbf13371a727b56213dd06d7a0169a12dfd7ae44cbdc11
2026-10-09T23:25:19.687085+00:00,2026-27,6,2026-10-11,Hull,Everton,M Salisbury,Hull,H,fouls,11.385072210818292,11.5,10.0,12.0,0.3456945839585377,,pending,,,,,,count-models-v1.4,,b98eeb435aae7f63d075,2,officials_available_before_kickoff,b98eeb435aae7f63d075,2026-09-22T00:50:34,ee519f884ee6c84f306880a5c2f49c6d05035366491d13c507558cd35271d6a2,14eb95efae31b1f77e05113837006eddaf7c97a4002b5cfd44cd38278595f18e,2026-10-10T01:25:08,3140,2026-10-10T11:30:00+00:00,2026-10-09T23:25:19.685966+00:00,c593f078b64a7cd7d7bbf13371a727b56213dd06d7a0169a12dfd7ae44cbdc11
2026-10-09T23:25:19.687085+00:00,2026-27,6,2026-10-11,Hull,Everton,M Salisbury,Hull,H,yellow_cards,2.294240335986533,2.5,1.0,2.0,0.49672880388846397,,pending,,,,,,count-models-v1.4,,1ae25c706027838dc5e1,2,officials_available_before_kickoff,1ae25c706027838dc5e1,2026-09-22T00:50:34,976b5b266a8008f0e9f6d99d94ba6cdd9d45286f50eb87eedbcbccdc65db9ba9,14eb95efae31b1f77e05113837006eddaf7c97a4002b5cfd44cd38278595f18e,2026-10-10T01:25:10,3140,2026-10-10T11:30:00+00:00,2026-10-09T23:25:19.685966+00:00,c593f078b64a7cd7d7bbf13371a727b56213dd06d7a0169a12dfd7ae44cbdc11
2026-10-09T23:25:19.687085+00:00,2026-27,6,2026-10-10,Ipswich,Fulham,L Smith,CELKEM,T,corners_total,10.600340029202146,10.5,9.0,11.0,0.2911934314188263,,pending,,,,,,count-models-v1.4,,cb53332aaf0980ec8fa2,2,officials_available_before_kickoff,cb53332aaf0980ec8fa2,2026-09-22T00:50:34,838c98375b688fa782ea56ab02912e115925da46d52e2d93f95c043bc3f00b9c,14eb95efae31b1f77e05113837006eddaf7c97a4002b5cfd44cd38278595f18e,2026-10-10T01:25:08,3140,2026-10-10T11:30:00+00:00,2026-10-09T23:25:19.685966+00:00,c593f078b64a7cd7d7bbf13371a727b56213dd06d7a0169a12dfd7ae44cbdc11
2026-10-09T23:25:19.687085+00:00,2026-27,6,2026-10-10,Ipswich,Fulham,L Smith,CELKEM,T,fouls_total,21.5615142212323,21.5,20.0,23.0,0.3333487188214166,,pending,,,,,,count-models-v1.4,,88218d5716837647f830,2,officials_available_before_kickoff,88218d5716837647f830,2026-09-22T00:50:34,ee519f884ee6c84f306880a5c2f49c6d05035366491d13c507558cd35271d6a2,14eb95efae31b1f77e05113837006eddaf7c97a4002b5cfd44cd38278595f18e,2026-10-10T01:25:08,3140,2026-10-10T11:30:00+00:00,2026-10-09T23:25:19.685966+00:00,c593f078b64a7cd7d7bbf13371a727b56213dd06d7a0169a12dfd7ae44cbdc11
2026-10-09T23:25:19.687085+00:00,2026-27,6,2026-10-10,Ipswich,Fulham,L Smith,CELKEM,T,yellow_cards_total,3.3784983144974303,3.5,2.0,3.0,0.41376279109377134,,pending,,,,,,count-models-v1.4,,a3b88f221b1adcd5e9cc,2,officials_available_before_kickoff,a3b88f221b1adcd5e9cc,2026-09-22T00:50:34,976b5b266a8008f0e9f6d99d94ba6cdd9d45286f50eb87eedbcbccdc65db9ba9,14eb95efae31b1f77e05113837006eddaf7c97a4002b5cfd44cd38278595f18e,2026-10-10T01:25:10,3140,2026-10-10T11:30:00+00:00,2026-10-09T23:25:19.685966+00:00,c593f078b64a7cd7d7bbf13371a727b56213dd06d7a0169a12dfd7ae44cbdc11
2026-10-09T23:25:19.687085+00:00,2026-27,6,2026-10-10,Ipswich,Fulham,L Smith,Fulham,A,corners,5.970643062770483,5.5,4.0,5.0,0.26196541855003375,,pending,,,,,,count-models-v1.4,,3f88bf3a4b0af88498cf,2,officials_available_before_kickoff,3f88bf3a4b0af88498cf,2026-09-22T00:50:34,838c98375b688fa782ea56ab02912e115925da46d52e2d93f95c043bc3f00b9c,14eb95efae31b1f77e05113837006eddaf7c97a4002b5cfd44cd38278595f18e,2026-10-10T01:25:08,3140,2026-10-10T11:30:00+00:00,2026-10-09T23:25:19.685966+00:00,c593f078b64a7cd7d7bbf13371a727b56213dd06d7a0169a12dfd7ae44cbdc11
2026-10-09T23:25:19.687085+00:00,2026-27,6,2026-10-10,Ipswich,Fulham,L Smith,Fulham,A,fouls,10.840700568567623,10.5,9.0,11.0,0.35183870946434687,,pending,,,,,,count-models-v1.4,,1f4bd3a6ef879e806831,2,officials_available_before_kickoff,1f4bd3a6ef879e806831,2026-09-22T00:50:34,ee519f884ee6c84f306880a5c2f49c6d05035366491d13c507558cd35271d6a2,14eb95efae31b1f77e05113837006eddaf7c97a4002b5cfd44cd38278595f18e,2026-10-10T01:25:08,3140,2026-10-10T11:30:00+00:00,2026-10-09T23:25:19.685966+00:00,c593f078b64a7cd7d7bbf13371a727b56213dd06d7a0169a12dfd7ae44cbdc11
2026-10-09T23:25:19.687085+00:00,2026-27,6,2026-10-10,Ipswich,Fulham,L Smith,Fulham,A,yellow_cards,1.8109266563746151,1.5,1.0,2.0,0.5641908030836966,,pending,,,,,,count-models-v1.4,,0ae9c70340dbd52bb8cb,2,officials_available_before_kickoff,0ae9c70340dbd52bb8cb,2026-09-22T00:50:34,976b5b266a8008f0e9f6d99d94ba6cdd9d45286f50eb87eedbcbccdc65db9ba9,14eb95efae31b1f77e05113837006eddaf7c97a4002b5cfd44cd38278595f18e,2026-10-10T01:25:10,3140,2026-10-10T11:30:00+00:00,2026-10-09T23:25:19.685966+00:00,c593f078b64a7cd7d7bbf13371a727b56213dd06d7a0169a12dfd7ae44cbdc11
2026-10-09T23:25:19.687085+00:00,2026-27,6,2026-10-10,Ipswich,Fulham,L Smith,Ipswich,H,corners,4.629696966431663,4.5,3.0,4.0,0.31195096367428776,,pending,,,,,,count-models-v1.4,,54c9574067f2b588e979,2,officials_available_before_kickoff,54c9574067f2b588e979,2026-09-22T00:50:34,838c98375b688fa782ea56ab02912e115925da46d52e2d93f95c043bc3f00b9c,14eb95efae31b1f77e05113837006eddaf7c97a4002b5cfd44cd38278595f18e,2026-10-10T01:25:08,3140,2026-10-10T11:30:00+00:00,2026-10-09T23:25:19.685966+00:00,c593f078b64a7cd7d7bbf13371a727b56213dd06d7a0169a12dfd7ae44cbdc11
2026-10-09T23:25:19.687085+00:00,2026-27,6,2026-10-10,Ipswich,Fulham,L Smith,Ipswich,H,fouls,10.720813652664678,10.5,9.0,11.0,0.35483519655191387,,pending,,,,,,count-models-v1.4,,18d8ce6a53f9825aa16b,2,officials_available_before_kickoff,18d8ce6a53f9825aa16b,2026-09-22T00:50:34,ee519f884ee6c84f306880a5c2f49c6d05035366491d13c507558cd35271d6a2,14eb95efae31b1f77e05113837006eddaf7c97a4002b5cfd44cd38278595f18e,2026-10-10T01:25:08,3140,2026-10-10T11:30:00+00:00,2026-10-09T23:25:19.685966+00:00,c593f078b64a7cd7d7bbf13371a727b56213dd06d7a0169a12dfd7ae44cbdc11
2026-10-09T23:25:19.687085+00:00,2026-27,6,2026-10-10,Ipswich,Fulham,L Smith,Ipswich,H,yellow_cards,1.5675716581228152,1.5,1.0,2.0,0.5831528347513889,,pending,,,,,,count-models-v1.4,,897c5e8ae56441c49e06,2,officials_available_before_kickoff,897c5e8ae56441c49e06,2026-09-22T00:50:34,976b5b266a8008f0e9f6d99d94ba6cdd9d45286f50eb87eedbcbccdc65db9ba9,14eb95efae31b1f77e05113837006eddaf7c97a4002b5cfd44cd38278595f18e,2026-10-10T01:25:10,3140,2026-10-10T11:30:00+00:00,2026-10-09T23:25:19.685966+00:00,c593f078b64a7cd7d7bbf13371a727b56213dd06d7a0169a12dfd7ae44cbdc11
2026-10-09T23:25:19.687085+00:00,2026-27,6,2026-10-11,Liverpool,Manchester City,C Kavanagh,CELKEM,T,corners_total,10.380230452136267,10.5,8.0,10.0,0.2960360855539731,,pending,,,,,,count-models-v1.4,,761042e4c2577eb510fc,2,officials_available_before_kickoff,761042e4c2577eb510fc,2026-09-22T00:50:34,838c98375b688fa782ea56ab02912e115925da46d52e2d93f95c043bc3f00b9c,14eb95efae31b1f77e05113837006eddaf7c97a4002b5cfd44cd38278595f18e,2026-10-10T01:25:08,3140,2026-10-10T11:30:00+00:00,2026-10-09T23:25:19.685966+00:00,c593f078b64a7cd7d7bbf13371a727b56213dd06d7a0169a12dfd7ae44cbdc11
2026-10-09T23:25:19.687085+00:00,2026-27,6,2026-10-11,Liverpool,Manchester City,C Kavanagh,CELKEM,T,fouls_total,23.11956290980025,23.5,21.0,24.0,0.3235465313795737,,pending,,,,,,count-models-v1.4,,df20fd5da3095d49e01f,2,officials_available_before_kickoff,df20fd5da3095d49e01f,2026-09-22T00:50:34,ee519f884ee6c84f306880a5c2f49c6d05035366491d13c507558cd35271d6a2,14eb95efae31b1f77e05113837006eddaf7c97a4002b5cfd44cd38278595f18e,2026-10-10T01:25:08,3140,2026-10-10T11:30:00+00:00,2026-10-09T23:25:19.685966+00:00,c593f078b64a7cd7d7bbf13371a727b56213dd06d7a0169a12dfd7ae44cbdc11
2026-10-09T23:25:19.687085+00:00,2026-27,6,2026-10-11,Liverpool,Manchester City,C Kavanagh,CELKEM,T,yellow_cards_total,3.918697071560303,3.5,3.0,4.0,0.3944564395288941,,pending,,,,,,count-models-v1.4,,c2c36c06c7d1cae1762c,2,officials_available_before_kickoff,c2c36c06c7d1cae1762c,2026-09-22T00:50:34,976b5b266a8008f0e9f6d99d94ba6cdd9d45286f50eb87eedbcbccdc65db9ba9,14eb95efae31b1f77e05113837006eddaf7c97a4002b5cfd44cd38278595f18e,2026-10-10T01:25:10,3140,2026-10-10T11:30:00+00:00,2026-10-09T23:25:19.685966+00:00,c593f078b64a7cd7d7bbf13371a727b56213dd06d7a0169a12dfd7ae44cbdc11
2026-10-09T23:25:19.687085+00:00,2026-27,6,2026-10-11,Liverpool,Manchester City,C Kavanagh,Liverpool,H,corners,4.576065890932104,4.5,3.0,4.0,0.3146138070424369,,pending,,,,,,count-models-v1.4,,a747a1f19ef210d77c46,2,officials_available_before_kickoff,a747a1f19ef210d77c46,2026-09-22T00:50:34,838c98375b688fa782ea56ab02912e115925da46d52e2d93f95c043bc3f00b9c,14eb95efae31b1f77e05113837006eddaf7c97a4002b5cfd44cd38278595f18e,2026-10-10T01:25:08,3140,2026-10-10T11:30:00+00:00,2026-10-09T23:25:19.685966+00:00,c593f078b64a7cd7d7bbf13371a727b56213dd06d7a0169a12dfd7ae44cbdc11
2026-10-09T23:25:19.687085+00:00,2026-27,6,2026-10-11,Liverpool,Manchester City,C Kavanagh,Liverpool,H,fouls,12.867668243922614,12.5,11.0,13.0,0.32437116310668085,,pending,,,,,,count-models-v1.4,,2cff3ec9afe9337a69d4,2,officials_available_before_kickoff,2cff3ec9afe9337a69d4,2026-09-22T00:50:34,ee519f884ee6c84f306880a5c2f49c6d05035366491d13c507558cd35271d6a2,14eb95efae31b1f77e05113837006eddaf7c97a4002b5cfd44cd38278595f18e,2026-10-10T01:25:08,3140,2026-10-10T11:30:00+00:00,2026-10-09T23:25:19.685966+00:00,c593f078b64a7cd7d7bbf13371a727b56213dd06d7a0169a12dfd7ae44cbdc11
2026-10-09T23:25:19.687085+00:00,2026-27,6,2026-10-11,Liverpool,Manchester City,C Kavanagh,Liverpool,H,yellow_cards,2.107722900651445,2.5,1.0,2.0,0.5260320827539832,,pending,,,,,,count-models-v1.4,,0652358250582099d72e,2,officials_available_before_kickoff,0652358250582099d72e,2026-09-22T00:50:34,976b5b266a8008f0e9f6d99d94ba6cdd9d45286f50eb87eedbcbccdc65db9ba9,14eb95efae31b1f77e05113837006eddaf7c97a4002b5cfd44cd38278595f18e,2026-10-10T01:25:10,3140,2026-10-10T11:30:00+00:00,2026-10-09T23:25:19.685966+00:00,c593f078b64a7cd7d7bbf13371a727b56213dd06d7a0169a12dfd7ae44cbdc11
2026-10-09T23:25:19.687085+00:00,2026-27,6,2026-10-11,Liverpool,Manchester City,C Kavanagh,Manchester City,A,corners,5.804164561204164,5.5,4.0,5.0,0.2682432056439204,,pending,,,,,,count-models-v1.4,,a548ce52739822319813,2,officials_available_before_kickoff,a548ce52739822319813,2026-09-22T00:50:34,838c98375b688fa782ea56ab02912e115925da46d52e2d93f95c043bc3f00b9c,14eb95efae31b1f77e05113837006eddaf7c97a4002b5cfd44cd38278595f18e,2026-10-10T01:25:08,3140,2026-10-10T11:30:00+00:00,2026-10-09T23:25:19.685966+00:00,c593f078b64a7cd7d7bbf13371a727b56213dd06d7a0169a12dfd7ae44cbdc11
2026-10-09T23:25:19.687085+00:00,2026-27,6,2026-10-11,Liverpool,Manchester City,C Kavanagh,Manchester City,A,fouls,10.25189466587764,10.5,9.0,11.0,0.3626141883734574,,pending,,,,,,count-models-v1.4,,6c5a3b853a6e13492c97,2,officials_available_before_kickoff,6c5a3b853a6e13492c97,2026-09-22T00:50:34,ee519f884ee6c84f306880a5c2f49c6d05035366491d13c507558cd35271d6a2,14eb95efae31b1f77e05113837006eddaf7c97a4002b5cfd44cd38278595f18e,2026-10-10T01:25:08,3140,2026-10-10T11:30:00+00:00,2026-10-09T23:25:19.685966+00:00,c593f078b64a7cd7d7bbf13371a727b56213dd06d7a0169a12dfd7ae44cbdc11
2026-10-09T23:25:19.687085+00:00,2026-27,6,2026-10-11,Liverpool,Manchester City,C Kavanagh,Manchester City,A,yellow_cards,1.810974170908858,1.5,1.0,2.0,0.5641858329845606,,pending,,,,,,count-models-v1.4,,50f57ce97ce18edb3ae4,2,officials_available_before_kickoff,50f57ce97ce18edb3ae4,2026-09-22T00:50:34,976b5b266a8008f0e9f6d99d94ba6cdd9d45286f50eb87eedbcbccdc65db9ba9,14eb95efae31b1f77e05113837006eddaf7c97a4002b5cfd44cd38278595f18e,2026-10-10T01:25:10,3140,2026-10-10T11:30:00+00:00,2026-10-09T23:25:19.685966+00:00,c593f078b64a7cd7d7bbf13371a727b56213dd06d7a0169a12dfd7ae44cbdc11
2026-10-09T23:25:19.687085+00:00,2026-27,6,2026-10-10,Manchester United,Tottenham,S Attwell,CELKEM,T,corners_total,10.989506986865294,10.5,9.0,11.0,0.2863855851495716,,pending,,,,,,count-models-v1.4,,ea4773bf35ebe6689e5d,2,officials_available_before_kickoff,ea4773bf35ebe6689e5d,2026-09-22T00:50:34,838c98375b688fa782ea56ab02912e115925da46d52e2d93f95c043bc3f00b9c,14eb95efae31b1f77e05113837006eddaf7c97a4002b5cfd44cd38278595f18e,2026-10-10T01:25:08,3140,2026-10-10T11:30:00+00:00,2026-10-09T23:25:19.685966+00:00,c593f078b64a7cd7d7bbf13371a727b56213dd06d7a0169a12dfd7ae44cbdc11
2026-10-09T23:25:19.687085+00:00,2026-27,6,2026-10-10,Manchester United,Tottenham,S Attwell,CELKEM,T,fouls_total,22.94471575130842,22.5,21.0,24.0,0.3248500214259481,,pending,,,,,,count-models-v1.4,,b1750111e8d996d1a861,2,officials_available_before_kickoff,b1750111e8d996d1a861,2026-09-22T00:50:34,ee519f884ee6c84f306880a5c2f49c6d05035366491d13c507558cd35271d6a2,14eb95efae31b1f77e05113837006eddaf7c97a4002b5cfd44cd38278595f18e,2026-10-10T01:25:08,3140,2026-10-10T11:30:00+00:00,2026-10-09T23:25:19.685966+00:00,c593f078b64a7cd7d7bbf13371a727b56213dd06d7a0169a12dfd7ae44cbdc11
2026-10-09T23:25:19.687085+00:00,2026-27,6,2026-10-10,Manchester United,Tottenham,S Attwell,CELKEM,T,yellow_cards_total,3.61495831907908,3.5,3.0,4.0,0.403468581205045,,pending,,,,,,count-models-v1.4,,5a2b2b5de97c3ef6ee16,2,officials_available_before_kickoff,5a2b2b5de97c3ef6ee16,2026-09-22T00:50:34,976b5b266a8008f0e9f6d99d94ba6cdd9d45286f50eb87eedbcbccdc65db9ba9,14eb95efae31b1f77e05113837006eddaf7c97a4002b5cfd44cd38278595f18e,2026-10-10T01:25:10,3140,2026-10-10T11:30:00+00:00,2026-10-09T23:25:19.685966+00:00,c593f078b64a7cd7d7bbf13371a727b56213dd06d7a0169a12dfd7ae44cbdc11
2026-10-09T23:25:19.687085+00:00,2026-27,6,2026-10-10,Manchester United,Tottenham,S Attwell,Manchester United,H,corners,5.953027667094662,5.5,4.0,5.0,0.26264541121753854,,pending,,,,,,count-models-v1.4,,deb42c66b700edb52c21,2,officials_available_before_kickoff,deb42c66b700edb52c21,2026-09-22T00:50:34,838c98375b688fa782ea56ab02912e115925da46d52e2d93f95c043bc3f00b9c,14eb95efae31b1f77e05113837006eddaf7c97a4002b5cfd44cd38278595f18e,2026-10-10T01:25:08,3140,2026-10-10T11:30:00+00:00,2026-10-09T23:25:19.685966+00:00,c593f078b64a7cd7d7bbf13371a727b56213dd06d7a0169a12dfd7ae44cbdc11
2026-10-09T23:25:19.687085+00:00,2026-27,6,2026-10-10,Manchester United,Tottenham,S Attwell,Manchester United,H,fouls,11.891523483009124,11.5,10.0,12.0,0.336371817351212,,pending,,,,,,count-models-v1.4,,3ccfea43f56adac2567a,2,officials_available_before_kickoff,3ccfea43f56adac2567a,2026-09-22T00:50:34,ee519f884ee6c84f306880a5c2f49c6d05035366491d13c507558cd35271d6a2,14eb95efae31b1f77e05113837006eddaf7c97a4002b5cfd44cd38278595f18e,2026-10-10T01:25:08,3140,2026-10-10T11:30:00+00:00,2026-10-09T23:25:19.685966+00:00,c593f078b64a7cd7d7bbf13371a727b56213dd06d7a0169a12dfd7ae44cbdc11
2026-10-09T23:25:19.687085+00:00,2026-27,6,2026-10-10,Manchester United,Tottenham,S Attwell,Manchester United,H,yellow_cards,1.7858070642555468,1.5,1.0,2.0,0.5667569630432445,,pending,,,,,,count-models-v1.4,,39c58521d7e62fb70d4e,2,officials_available_before_kickoff,39c58521d7e62fb70d4e,2026-09-22T00:50:34,976b5b266a8008f0e9f6d99d94ba6cdd9d45286f50eb87eedbcbccdc65db9ba9,14eb95efae31b1f77e05113837006eddaf7c97a4002b5cfd44cd38278595f18e,2026-10-10T01:25:10,3140,2026-10-10T11:30:00+00:00,2026-10-09T23:25:19.685966+00:00,c593f078b64a7cd7d7bbf13371a727b56213dd06d7a0169a12dfd7ae44cbdc11
2026-10-09T23:25:19.687085+00:00,2026-27,6,2026-10-10,Manchester United,Tottenham,S Attwell,Tottenham,A,corners,5.036479319770632,5.5,4.0,5.0,0.29096275415203765,,pending,,,,,,count-models-v1.4,,48d353fa23b4ce809c06,2,officials_available_before_kickoff,48d353fa23b4ce809c06,2026-09-22T00:50:34,838c98375b688fa782ea56ab02912e115925da46d52e2d93f95c043bc3f00b9c,14eb95efae31b1f77e05113837006eddaf7c97a4002b5cfd44cd38278595f18e,2026-10-10T01:25:08,3140,2026-10-10T11:30:00+00:00,2026-10-09T23:25:19.685966+00:00,c593f078b64a7cd7d7bbf13371a727b56213dd06d7a0169a12dfd7ae44cbdc11
2026-10-09T23:25:19.687085+00:00,2026-27,6,2026-10-10,Manchester United,Tottenham,S Attwell,Tottenham,A,fouls,11.053192268299295,11.5,10.0,12.0,0.34809605342136785,,pending,,,,,,count-models-v1.4,,a4ca768b20933fa57179,2,officials_available_before_kickoff,a4ca768b20933fa57179,2026-09-22T00:50:34,ee519f884ee6c84f306880a5c2f49c6d05035366491d13c507558cd35271d6a2,14eb95efae31b1f77e05113837006eddaf7c97a4002b5cfd44cd38278595f18e,2026-10-10T01:25:08,3140,2026-10-10T11:30:00+00:00,2026-10-09T23:25:19.685966+00:00,c593f078b64a7cd7d7bbf13371a727b56213dd06d7a0169a12dfd7ae44cbdc11
2026-10-09T23:25:19.687085+00:00,2026-27,6,2026-10-10,Manchester United,Tottenham,S Attwell,Tottenham,A,yellow_cards,1.8291512548235331,1.5,1.0,2.0,0.562253087322018,,pending,,,,,,count-models-v1.4,,202b712a0d2a37a00abc,2,officials_available_before_kickoff,202b712a0d2a37a00abc,2026-09-22T00:50:34,976b5b266a8008f0e9f6d99d94ba6cdd9d45286f50eb87eedbcbccdc65db9ba9,14eb95efae31b1f77e05113837006eddaf7c97a4002b5cfd44cd38278595f18e,2026-10-10T01:25:10,3140,2026-10-10T11:30:00+00:00,2026-10-09T23:25:19.685966+00:00,c593f078b64a7cd7d7bbf13371a727b56213dd06d7a0169a12dfd7ae44cbdc11
2026-10-09T23:25:19.687085+00:00,2026-27,6,2026-10-10,Sunderland,Brighton & Hove Albion,T Bramall,Brighton & Hove Albion,A,corners,5.262587516718455,5.5,4.0,5.0,0.28561104620521693,,pending,,,,,,count-models-v1.4,,6b5ff87bb714ac5878b5,2,officials_available_before_kickoff,6b5ff87bb714ac5878b5,2026-09-22T00:50:34,838c98375b688fa782ea56ab02912e115925da46d52e2d93f95c043bc3f00b9c,14eb95efae31b1f77e05113837006eddaf7c97a4002b5cfd44cd38278595f18e,2026-10-10T01:25:08,3140,2026-10-10T11:30:00+00:00,2026-10-09T23:25:19.685966+00:00,c593f078b64a7cd7d7bbf13371a727b56213dd06d7a0169a12dfd7ae44cbdc11
2026-10-09T23:25:19.687085+00:00,2026-27,6,2026-10-10,Sunderland,Brighton & Hove Albion,T Bramall,Brighton & Hove Albion,A,fouls,12.926672040800739,12.5,11.0,13.0,0.3230737175852429,,pending,,,,,,count-models-v1.4,,97ac60cb3008fd5ceb90,2,officials_available_before_kickoff,97ac60cb3008fd5ceb90,2026-09-22T00:50:34,ee519f884ee6c84f306880a5c2f49c6d05035366491d13c507558cd35271d6a2,14eb95efae31b1f77e05113837006eddaf7c97a4002b5cfd44cd38278595f18e,2026-10-10T01:25:08,3140,2026-10-10T11:30:00+00:00,2026-10-09T23:25:19.685966+00:00,c593f078b64a7cd7d7bbf13371a727b56213dd06d7a0169a12dfd7ae44cbdc11
2026-10-09T23:25:19.687085+00:00,2026-27,6,2026-10-10,Sunderland,Brighton & Hove Albion,T Bramall,Brighton & Hove Albion,A,yellow_cards,2.058278009178794,2.5,1.0,2.0,0.5332330403693278,,pending,,,,,,count-models-v1.4,,276097035b675399d8f1,2,officials_available_before_kickoff,276097035b675399d8f1,2026-09-22T00:50:34,976b5b266a8008f0e9f6d99d94ba6cdd9d45286f50eb87eedbcbccdc65db9ba9,14eb95efae31b1f77e05113837006eddaf7c97a4002b5cfd44cd38278595f18e,2026-10-10T01:25:10,3140,2026-10-10T11:30:00+00:00,2026-10-09T23:25:19.685966+00:00,c593f078b64a7cd7d7bbf13371a727b56213dd06d7a0169a12dfd7ae44cbdc11
2026-10-09T23:25:19.687085+00:00,2026-27,6,2026-10-10,Sunderland,Brighton & Hove Albion,T Bramall,CELKEM,T,corners_total,10.012751703765742,10.5,8.0,10.0,0.3047435960056065,,pending,,,,,,count-models-v1.4,,5dc9eefd0905b3566abf,2,officials_available_before_kickoff,5dc9eefd0905b3566abf,2026-09-22T00:50:34,838c98375b688fa782ea56ab02912e115925da46d52e2d93f95c043bc3f00b9c,14eb95efae31b1f77e05113837006eddaf7c97a4002b5cfd44cd38278595f18e,2026-10-10T01:25:08,3140,2026-10-10T11:30:00+00:00,2026-10-09T23:25:19.685966+00:00,c593f078b64a7cd7d7bbf13371a727b56213dd06d7a0169a12dfd7ae44cbdc11
2026-10-09T23:25:19.687085+00:00,2026-27,6,2026-10-10,Sunderland,Brighton & Hove Albion,T Bramall,CELKEM,T,fouls_total,24.590156057127977,24.5,23.0,26.0,0.3134237840421985,,pending,,,,,,count-models-v1.4,,ffef05ba79500af89eab,2,officials_available_before_kickoff,ffef05ba79500af89eab,2026-09-22T00:50:34,ee519f884ee6c84f306880a5c2f49c6d05035366491d13c507558cd35271d6a2,14eb95efae31b1f77e05113837006eddaf7c97a4002b5cfd44cd38278595f18e,2026-10-10T01:25:08,3140,2026-10-10T11:30:00+00:00,2026-10-09T23:25:19.685966+00:00,c593f078b64a7cd7d7bbf13371a727b56213dd06d7a0169a12dfd7ae44cbdc11
2026-10-09T23:25:19.687085+00:00,2026-27,6,2026-10-10,Sunderland,Brighton & Hove Albion,T Bramall,CELKEM,T,yellow_cards_total,4.217531614906858,4.5,3.0,4.0,0.3784900566588969,,pending,,,,,,count-models-v1.4,,01508ebd262ae766080e,2,officials_available_before_kickoff,01508ebd262ae766080e,2026-09-22T00:50:34,976b5b266a8008f0e9f6d99d94ba6cdd9d45286f50eb87eedbcbccdc65db9ba9,14eb95efae31b1f77e05113837006eddaf7c97a4002b5cfd44cd38278595f18e,2026-10-10T01:25:10,3140,2026-10-10T11:30:00+00:00,2026-10-09T23:25:19.685966+00:00,c593f078b64a7cd7d7bbf13371a727b56213dd06d7a0169a12dfd7ae44cbdc11
2026-10-09T23:25:19.687085+00:00,2026-27,6,2026-10-10,Sunderland,Brighton & Hove Albion,T Bramall,Sunderland,H,corners,4.750164187047288,4.5,3.0,4.0,0.3057619294559004,,pending,,,,,,count-models-v1.4,,a7b41b42f556072267bb,2,officials_available_before_kickoff,a7b41b42f556072267bb,2026-09-22T00:50:34,838c98375b688fa782ea56ab02912e115925da46d52e2d93f95c043bc3f00b9c,14eb95efae31b1f77e05113837006eddaf7c97a4002b5cfd44cd38278595f18e,2026-10-10T01:25:08,3140,2026-10-10T11:30:00+00:00,2026-10-09T23:25:19.685966+00:00,c593f078b64a7cd7d7bbf13371a727b56213dd06d7a0169a12dfd7ae44cbdc11
2026-10-09T23:25:19.687085+00:00,2026-27,6,2026-10-10,Sunderland,Brighton & Hove Albion,T Bramall,Sunderland,H,fouls,11.66348401632724,11.5,10.0,12.0,0.34136423523146775,,pending,,,,,,count-models-v1.4,,6a32292aeeef773d610e,2,officials_available_before_kickoff,6a32292aeeef773d610e,2026-09-22T00:50:34,ee519f884ee6c84f306880a5c2f49c6d05035366491d13c507558cd35271d6a2,14eb95efae31b1f77e05113837006eddaf7c97a4002b5cfd44cd38278595f18e,2026-10-10T01:25:08,3140,2026-10-10T11:30:00+00:00,2026-10-09T23:25:19.685966+00:00,c593f078b64a7cd7d7bbf13371a727b56213dd06d7a0169a12dfd7ae44cbdc11
2026-10-09T23:25:19.687085+00:00,2026-27,6,2026-10-10,Sunderland,Brighton & Hove Albion,T Bramall,Sunderland,H,yellow_cards,2.159253605728064,2.5,1.0,2.0,0.5182474019822927,,pending,,,,,,count-models-v1.4,,979ef4793f789ca4ae1b,2,officials_available_before_kickoff,979ef4793f789ca4ae1b,2026-09-22T00:50:34,976b5b266a8008f0e9f6d99d94ba6cdd9d45286f50eb87eedbcbccdc65db9ba9,14eb95efae31b1f77e05113837006eddaf7c97a4002b5cfd44cd38278595f18e,2026-10-10T01:25:10,3140,2026-10-10T11:30:00+00:00,2026-10-09T23:25:19.685966+00:00,c593f078b64a7cd7d7bbf13371a727b56213dd06d7a0169a12dfd7ae44cbdc11
