model_prediction_id,created_at,season,match_round,match_date,home_team,away_team,referee,team,venue,market,prediction,test_line,range_low,range_high,range_probability,range_result,status,actual_value,result,error,abs_error,bias_direction,model_version,settled_at
fd450961d327e41316b5,2026-09-09T19:09:23,2026-27,4,2026-09-12,Aston Villa,Nottingham Forest,A Madley,Aston Villa,H,corners,4.514758453546722,4.5,3.0,4.0,0.3175796203921903,MISS,settled,6.0,HIT,1.4852415464532784,1.4852415464532784,Podstřeleno,count-models-v1.6,2026-09-15T00:38:40
398682a88edba9a8b722,2026-09-09T19:09:23,2026-27,4,2026-09-12,Aston Villa,Nottingham Forest,A Madley,Aston Villa,H,fouls,12.441248787353832,12.5,11.0,13.0,0.3314963395088385,HIT,settled,11.0,MISS,-1.4412487873538318,1.4412487873538318,Přestřeleno,count-models-v1.6,2026-09-15T00:38:40
b86eb08185858898d885,2026-09-09T19:09:23,2026-27,4,2026-09-14,Leeds,Newcastle United,M Salisbury,CELKEM,T,corners_total,10.211057298650628,10.5,8.0,10.0,0.3006228725909434,HIT,settled,10.0,MISS,-0.211057298650628,0.211057298650628,Přestřeleno,count-models-v1.6,2026-09-15T00:38:40
cfe5bafe0c83289be3cb,2026-09-09T19:09:23,2026-27,4,2026-09-13,Coventry,Brighton & Hove Albion,T Harrington,Coventry,H,yellow_cards,1.774619837696989,1.5,1.0,2.0,0.5678595727907476,MISS,settled,0.0,MISS,-1.774619837696989,1.774619837696989,Přestřeleno,count-models-v1.6,2026-09-15T00:38:40
341922f3e89eb0b5214d,2026-09-09T19:09:23,2026-27,4,2026-09-12,Chelsea,Hull,F Hallam,CELKEM,T,yellow_cards_total,4.198993057441055,4.5,3.0,4.0,0.3796515980797453,MISS,settled,6.0,HIT,1.8010069425589448,1.8010069425589448,Podstřeleno,count-models-v1.6,2026-09-15T00:38:40
e8d2df3b421a6c835bc1,2026-09-09T19:09:23,2026-27,4,2026-09-12,Bournemouth,Brentford,J Gillett,Bournemouth,H,yellow_cards,1.831526898033168,1.5,1.0,2.0,0.5619959151765288,MISS,settled,5.0,HIT,3.168473101966832,3.168473101966832,Podstřeleno,count-models-v1.6,2026-09-15T00:38:40
05aae3083fce9d308ba2,2026-09-09T19:09:23,2026-27,4,2026-09-12,Crystal Palace,Ipswich,C Kavanagh,CELKEM,T,corners_total,9.315286568472285,9.5,7.0,9.0,0.3179882360363945,HIT,settled,9.0,MISS,-0.3152865684722847,0.3152865684722847,Přestřeleno,count-models-v1.6,2026-09-15T00:38:40
22e47354d3bd0f6a918d,2026-09-09T19:09:23,2026-27,4,2026-09-12,Chelsea,Hull,F Hallam,CELKEM,T,corners_total,9.754891822356637,9.5,8.0,10.0,0.3094157987715585,MISS,settled,14.0,HIT,4.245108177643363,4.245108177643363,Podstřeleno,count-models-v1.6,2026-09-15T00:38:40
ab1aa2db5975ae25931f,2026-09-09T19:09:23,2026-27,4,2026-09-12,Bournemouth,Brentford,J Gillett,Brentford,A,yellow_cards,2.3034062546494622,2.5,1.0,2.0,0.4952178232653145,HIT,settled,1.0,MISS,-1.3034062546494622,1.3034062546494622,Přestřeleno,count-models-v1.6,2026-09-15T00:38:40
bfabbb699adf6b0ad351,2026-09-09T19:09:23,2026-27,4,2026-09-12,Liverpool,Fulham,T Bramall,CELKEM,T,corners_total,10.20760124816793,10.5,8.0,10.0,0.3004271566741065,MISS,settled,13.0,HIT,2.7923987518320708,2.7923987518320708,Podstřeleno,count-models-v1.6,2026-09-15T00:38:40
53d0324479590c0dd65d,2026-09-09T19:09:23,2026-27,4,2026-09-12,Bournemouth,Brentford,J Gillett,CELKEM,T,corners_total,11.126904841041387,11.5,9.0,11.0,0.2842733874694114,MISS,settled,3.0,MISS,-8.126904841041387,8.126904841041387,Přestřeleno,count-models-v1.6,2026-09-15T00:38:40
e70f6ea9b331713870b6,2026-09-09T19:09:23,2026-27,4,2026-09-12,Bournemouth,Brentford,J Gillett,CELKEM,T,yellow_cards_total,4.134933152682629,4.5,3.0,4.0,0.3835037141807861,MISS,settled,6.0,HIT,1.8650668473173704,1.8650668473173704,Podstřeleno,count-models-v1.6,2026-09-15T00:38:40
d3417351a252411494bc,2026-09-09T19:09:23,2026-27,4,2026-09-14,Leeds,Newcastle United,M Salisbury,Newcastle United,A,yellow_cards,2.342230083715735,2.5,1.0,2.0,0.4887590255739932,HIT,settled,2.0,MISS,-0.342230083715735,0.342230083715735,Přestřeleno,count-models-v1.6,2026-09-15T00:38:40
bf2c5e43233e19916970,2026-09-09T19:09:23,2026-27,4,2026-09-12,Bournemouth,Brentford,J Gillett,Bournemouth,H,corners,5.305827844845697,5.5,4.0,5.0,0.284440276779577,MISS,settled,2.0,MISS,-3.305827844845697,3.305827844845697,Přestřeleno,count-models-v1.6,2026-09-15T00:38:40
da20f755bf3a0ca34d09,2026-09-09T19:09:23,2026-27,4,2026-09-13,Manchester United,Manchester City,M Oliver,Manchester City,A,yellow_cards,1.840371115196155,1.5,1.0,2.0,0.5610293570793188,HIT,settled,2.0,HIT,0.1596288848038449,0.1596288848038449,Podstřeleno,count-models-v1.6,2026-09-15T00:38:40
6735dc48e1f2ca8017dd,2026-09-09T19:09:23,2026-27,4,2026-09-12,Crystal Palace,Ipswich,C Kavanagh,Ipswich,A,fouls,9.503781873706153,9.5,8.0,10.0,0.3765901740941683,MISS,settled,16.0,HIT,6.496218126293847,6.496218126293847,Podstřeleno,count-models-v1.6,2026-09-15T00:38:40
ba354f5aef425a980f54,2026-09-09T19:09:23,2026-27,4,2026-09-12,Tottenham,Everton,D England,Tottenham,H,yellow_cards,1.884270668192652,1.5,1.0,2.0,0.5560251343168601,MISS,settled,0.0,MISS,-1.884270668192652,1.884270668192652,Přestřeleno,count-models-v1.6,2026-09-15T00:38:40
a1c2eb12041d6e7aefdb,2026-09-09T19:09:23,2026-27,4,2026-09-14,Leeds,Newcastle United,M Salisbury,CELKEM,T,yellow_cards_total,4.425825598135007,4.5,3.0,4.0,0.3641434292769714,HIT,settled,3.0,MISS,-1.425825598135007,1.425825598135007,Přestřeleno,count-models-v1.6,2026-09-15T00:38:40
80657c3b546937496aa4,2026-09-09T19:09:23,2026-27,4,2026-09-12,Chelsea,Hull,F Hallam,Hull,A,corners,4.697824266451931,4.5,3.0,4.0,0.3084840902679108,HIT,settled,4.0,MISS,-0.6978242664519314,0.6978242664519314,Přestřeleno,count-models-v1.6,2026-09-15T00:38:40
3ffae6fdb24fd4d86ad5,2026-09-09T19:09:23,2026-27,4,2026-09-12,Chelsea,Hull,F Hallam,Hull,A,yellow_cards,2.373002426208197,2.5,1.0,2.0,0.4835774553812194,MISS,settled,5.0,HIT,2.626997573791803,2.626997573791803,Podstřeleno,count-models-v1.6,2026-09-15T00:38:40
b8ff2480ca40b15f8f38,2026-09-09T19:09:23,2026-27,4,2026-09-12,Liverpool,Fulham,T Bramall,Liverpool,H,fouls,10.674002774101108,10.5,9.0,11.0,0.3558995241413138,HIT,settled,11.0,HIT,0.3259972258988917,0.3259972258988917,Podstřeleno,count-models-v1.6,2026-09-15T00:38:40
bc0e47774674f2e0091b,2026-09-09T19:09:23,2026-27,4,2026-09-12,Tottenham,Everton,D England,CELKEM,T,corners_total,11.532231691589567,11.5,9.0,11.0,0.2761781091522134,HIT,settled,11.0,MISS,-0.5322316915895673,0.5322316915895673,Přestřeleno,count-models-v1.6,2026-09-15T00:38:40
b69536cbb0333c2d1e3d,2026-09-09T19:09:23,2026-27,4,2026-09-12,Tottenham,Everton,D England,CELKEM,T,fouls_total,24.655332722459605,24.5,23.0,26.0,0.3133069566159516,MISS,settled,22.0,MISS,-2.6553327224596046,2.6553327224596046,Přestřeleno,count-models-v1.6,2026-09-15T00:38:40
f3b314610f218ff3fac7,2026-09-09T19:09:23,2026-27,4,2026-09-13,Manchester United,Manchester City,M Oliver,CELKEM,T,yellow_cards_total,3.558073527305142,3.5,3.0,4.0,0.4041968524175116,HIT,settled,3.0,MISS,-0.558073527305142,0.558073527305142,Přestřeleno,count-models-v1.6,2026-09-15T00:38:40
11dd2b2286b5d17072f5,2026-09-09T19:09:23,2026-27,4,2026-09-13,Manchester United,Manchester City,M Oliver,CELKEM,T,corners_total,9.694410677597958,9.5,8.0,10.0,0.3101045710324959,MISS,settled,13.0,HIT,3.3055893224020423,3.3055893224020423,Podstřeleno,count-models-v1.6,2026-09-15T00:38:40
d4dc9d2418c2547b5f3c,2026-09-09T19:09:23,2026-27,4,2026-09-12,Crystal Palace,Ipswich,C Kavanagh,Crystal Palace,H,yellow_cards,1.804997793312116,1.5,1.0,2.0,0.5648075681123672,HIT,settled,1.0,MISS,-0.804997793312116,0.804997793312116,Přestřeleno,count-models-v1.6,2026-09-15T00:38:40
8a6a8ef6f71c18564b8d,2026-09-09T19:09:23,2026-27,4,2026-09-13,Coventry,Brighton & Hove Albion,T Harrington,CELKEM,T,yellow_cards_total,3.926223406699384,3.5,3.0,4.0,0.3941331194246337,MISS,settled,0.0,MISS,-3.926223406699384,3.926223406699384,Přestřeleno,count-models-v1.6,2026-09-15T00:38:40
e6d89c324ca4a1cd2c16,2026-09-09T19:09:23,2026-27,4,2026-09-13,Coventry,Brighton & Hove Albion,T Harrington,CELKEM,T,fouls_total,21.284577604590893,21.5,19.0,22.0,0.3359020838658013,MISS,settled,24.0,HIT,2.7154223954091066,2.7154223954091066,Podstřeleno,count-models-v1.6,2026-09-15T00:38:40
3281ed4f6e91c4c824c5,2026-09-09T19:09:23,2026-27,4,2026-09-12,Crystal Palace,Ipswich,C Kavanagh,Crystal Palace,H,fouls,10.55274529252084,10.5,9.0,11.0,0.3583700525549432,MISS,settled,6.0,MISS,-4.552745292520839,4.552745292520839,Přestřeleno,count-models-v1.6,2026-09-15T00:38:40
7e390145887ce630eef7,2026-09-09T19:09:23,2026-27,4,2026-09-12,Crystal Palace,Ipswich,C Kavanagh,Crystal Palace,H,corners,4.552552720312247,4.5,3.0,4.0,0.3157614982202661,MISS,settled,6.0,HIT,1.447447279687753,1.447447279687753,Podstřeleno,count-models-v1.6,2026-09-15T00:38:40
648aac873303571f0f20,2026-09-09T19:09:23,2026-27,4,2026-09-13,Coventry,Brighton & Hove Albion,T Harrington,Brighton & Hove Albion,A,fouls,9.803008813668946,9.5,8.0,10.0,0.3691774348178186,MISS,settled,15.0,HIT,5.196991186331054,5.196991186331054,Podstřeleno,count-models-v1.6,2026-09-15T00:38:40
3580ac6e0fbe9ba12947,2026-09-09T19:09:23,2026-27,4,2026-09-13,Coventry,Brighton & Hove Albion,T Harrington,Brighton & Hove Albion,A,corners,5.645380682248632,5.5,4.0,5.0,0.2738780250092378,MISS,settled,3.0,MISS,-2.645380682248632,2.645380682248632,Přestřeleno,count-models-v1.6,2026-09-15T00:38:40
c42b4917a564dba2dba6,2026-09-09T19:09:23,2026-27,4,2026-09-12,Crystal Palace,Ipswich,C Kavanagh,Ipswich,A,corners,4.762733848160037,4.5,3.0,4.0,0.3051011131139353,HIT,settled,3.0,MISS,-1.7627338481600372,1.7627338481600372,Přestřeleno,count-models-v1.6,2026-09-15T00:38:40
61bc2e6da995aa8611d6,2026-09-09T19:09:23,2026-27,4,2026-09-13,Coventry,Brighton & Hove Albion,T Harrington,Coventry,H,fouls,11.481568790921948,11.5,10.0,12.0,0.3444234931921369,MISS,settled,9.0,MISS,-2.481568790921948,2.481568790921948,Přestřeleno,count-models-v1.6,2026-09-15T00:38:40
f70bf296e876d0959d10,2026-09-09T19:09:23,2026-27,4,2026-09-12,Chelsea,Hull,F Hallam,Chelsea,H,fouls,9.36394332207825,9.5,8.0,10.0,0.3790396679636313,MISS,settled,7.0,MISS,-2.3639433220782493,2.3639433220782493,Přestřeleno,count-models-v1.6,2026-09-15T00:38:40
754cc0ae80e51a605068,2026-09-09T19:09:23,2026-27,4,2026-09-13,Manchester United,Manchester City,M Oliver,CELKEM,T,fouls_total,20.41827686656041,20.5,18.0,21.0,0.3417192729212363,MISS,settled,27.0,HIT,6.5817231334395885,6.5817231334395885,Podstřeleno,count-models-v1.6,2026-09-15T00:38:40
6aaf86eb873739121ee8,2026-09-09T19:09:23,2026-27,4,2026-09-12,Liverpool,Fulham,T Bramall,Fulham,A,fouls,10.648415713725528,10.5,9.0,11.0,0.3564555624955685,MISS,settled,8.0,MISS,-2.6484157137255284,2.6484157137255284,Přestřeleno,count-models-v1.6,2026-09-15T00:38:40
61dbc50691fe71de5c16,2026-09-09T19:09:23,2026-27,4,2026-09-12,Crystal Palace,Ipswich,C Kavanagh,CELKEM,T,yellow_cards_total,3.40766820350706,3.5,2.0,3.0,0.4107067796592183,MISS,settled,4.0,HIT,0.5923317964929402,0.5923317964929402,Podstřeleno,count-models-v1.6,2026-09-15T00:38:40
14025e3144ab71909958,2026-09-09T19:09:23,2026-27,4,2026-09-12,Tottenham,Everton,D England,Tottenham,H,fouls,12.464108754553584,12.5,11.0,13.0,0.3312197845010839,MISS,settled,14.0,HIT,1.5358912454464164,1.5358912454464164,Podstřeleno,count-models-v1.6,2026-09-15T00:38:40
bba8a404f0dabfd4624f,2026-09-09T19:09:23,2026-27,4,2026-09-12,Chelsea,Hull,F Hallam,CELKEM,T,fouls_total,20.38261236686285,20.5,18.0,21.0,0.3422425443433226,HIT,settled,19.0,MISS,-1.3826123668628512,1.3826123668628512,Přestřeleno,count-models-v1.6,2026-09-15T00:38:40
082c296342c8723b6921,2026-09-09T19:09:23,2026-27,4,2026-09-12,Bournemouth,Brentford,J Gillett,Bournemouth,H,fouls,10.556740342859046,10.5,9.0,11.0,0.3582953755391426,HIT,settled,10.0,MISS,-0.5567403428590456,0.5567403428590456,Přestřeleno,count-models-v1.6,2026-09-15T00:38:40
8958f3237a75c65c5ef1,2026-09-09T19:09:23,2026-27,4,2026-09-12,Crystal Palace,Ipswich,C Kavanagh,CELKEM,T,fouls_total,20.056527166226992,20.5,18.0,21.0,0.3461553629374058,MISS,settled,22.0,HIT,1.943472833773008,1.943472833773008,Podstřeleno,count-models-v1.6,2026-09-15T00:38:40
a622cec3b67eb368db47,2026-09-09T19:09:23,2026-27,4,2026-09-12,Chelsea,Hull,F Hallam,Hull,A,fouls,11.018669044784604,11.5,10.0,12.0,0.3481639588102849,HIT,settled,12.0,HIT,0.9813309552153964,0.9813309552153964,Podstřeleno,count-models-v1.6,2026-09-15T00:38:40
d6bbc4afc24fe5a4294f,2026-09-09T19:09:23,2026-27,4,2026-09-13,Manchester United,Manchester City,M Oliver,Manchester City,A,fouls,9.776346339445166,9.5,8.0,10.0,0.3699515466462301,HIT,settled,10.0,HIT,0.2236536605548345,0.2236536605548345,Podstřeleno,count-models-v1.6,2026-09-15T00:38:40
6b1e7f40683c103794da,2026-09-09T19:09:23,2026-27,4,2026-09-12,Aston Villa,Nottingham Forest,A Madley,Nottingham Forest,A,corners,4.707609193094071,4.5,3.0,4.0,0.3079789030098975,MISS,settled,1.0,MISS,-3.707609193094071,3.707609193094071,Přestřeleno,count-models-v1.6,2026-09-15T00:38:40
ab7da77b9a909a46f621,2026-09-09T19:09:23,2026-27,4,2026-09-14,Leeds,Newcastle United,M Salisbury,Newcastle United,A,fouls,12.607721430075593,12.5,11.0,13.0,0.3292020484925847,HIT,settled,13.0,HIT,0.3922785699244073,0.3922785699244073,Podstřeleno,count-models-v1.6,2026-09-15T00:38:40
a33cf1928de303616ac1,2026-09-09T19:09:23,2026-27,4,2026-09-13,Coventry,Brighton & Hove Albion,T Harrington,Brighton & Hove Albion,A,yellow_cards,2.1516035690023947,2.5,1.0,2.0,0.5194198945183178,MISS,settled,0.0,MISS,-2.1516035690023947,2.1516035690023947,Přestřeleno,count-models-v1.6,2026-09-15T00:38:40
cb09efec98a8a341e5cc,2026-09-09T19:09:23,2026-27,4,2026-09-12,Liverpool,Fulham,T Bramall,Fulham,A,yellow_cards,1.8621719778905708,1.5,1.0,2.0,0.5585864358638247,HIT,settled,1.0,MISS,-0.8621719778905708,0.8621719778905708,Přestřeleno,count-models-v1.6,2026-09-15T00:38:40
6e8692d46a6432518097,2026-09-09T19:09:23,2026-27,4,2026-09-12,Crystal Palace,Ipswich,C Kavanagh,Ipswich,A,yellow_cards,1.6026704101949432,1.5,1.0,2.0,0.5813100617987088,MISS,settled,3.0,HIT,1.3973295898050568,1.3973295898050568,Podstřeleno,count-models-v1.6,2026-09-15T00:38:40
5e269b9d460fbb0ad5c8,2026-09-09T19:09:23,2026-27,4,2026-09-12,Sunderland,Arsenal,J Brooks,CELKEM,T,corners_total,8.98224209364356,8.5,7.0,9.0,0.3244581712780804,MISS,settled,6.0,MISS,-2.98224209364356,2.98224209364356,Přestřeleno,count-models-v1.6,2026-09-15T00:38:40
3a26be7c33d9a0a0f083,2026-09-09T19:09:23,2026-27,4,2026-09-12,Liverpool,Fulham,T Bramall,CELKEM,T,yellow_cards_total,3.881019120806135,3.5,3.0,4.0,0.3960073971809805,MISS,settled,1.0,MISS,-2.881019120806135,2.881019120806135,Přestřeleno,count-models-v1.6,2026-09-15T00:38:40
b5ecc86d65b483487269,2026-09-09T19:09:23,2026-27,4,2026-09-12,Chelsea,Hull,F Hallam,Chelsea,H,yellow_cards,1.8259906312328584,1.5,1.0,2.0,0.5625936116220687,HIT,settled,1.0,MISS,-0.8259906312328584,0.8259906312328584,Přestřeleno,count-models-v1.6,2026-09-15T00:38:40
0da5b78b93085d2ea02f,2026-09-09T19:09:23,2026-27,4,2026-09-12,Liverpool,Fulham,T Bramall,Liverpool,H,corners,4.688591631813917,4.5,3.0,4.0,0.3089591434350626,MISS,settled,5.0,HIT,0.3114083681860826,0.3114083681860826,Podstřeleno,count-models-v1.6,2026-09-15T00:38:40
987382f75053402fb44d,2026-09-09T19:09:23,2026-27,4,2026-09-12,Aston Villa,Nottingham Forest,A Madley,CELKEM,T,corners_total,9.222367646640794,9.5,7.0,9.0,0.3206507790123857,HIT,settled,7.0,MISS,-2.2223676466407944,2.2223676466407944,Přestřeleno,count-models-v1.6,2026-09-15T00:38:40
9f4becad531a267360ae,2026-09-09T19:09:23,2026-27,4,2026-09-14,Leeds,Newcastle United,M Salisbury,CELKEM,T,fouls_total,25.370695642974862,25.5,23.0,26.0,0.3087681568175509,MISS,settled,21.0,MISS,-4.370695642974862,4.370695642974862,Přestřeleno,count-models-v1.6,2026-09-15T00:38:40
f20ced87f3b27fb060e7,2026-09-09T19:09:23,2026-27,4,2026-09-14,Leeds,Newcastle United,M Salisbury,Leeds,H,corners,5.026807664611825,5.5,4.0,5.0,0.2911604780488644,HIT,settled,5.0,MISS,-0.0268076646118249,0.0268076646118249,Přestřeleno,count-models-v1.6,2026-09-15T00:38:40
e0b6d6a1f1b8c0ce5c97,2026-09-09T19:09:23,2026-27,4,2026-09-12,Aston Villa,Nottingham Forest,A Madley,Aston Villa,H,yellow_cards,2.186691730601319,2.5,1.0,2.0,0.51399678119598,HIT,settled,2.0,MISS,-0.1866917306013191,0.1866917306013191,Přestřeleno,count-models-v1.6,2026-09-15T00:38:40
18bb48bddb052fe79293,2026-09-09T19:09:23,2026-27,4,2026-09-14,Leeds,Newcastle United,M Salisbury,Leeds,H,yellow_cards,2.083595514419272,2.5,1.0,2.0,0.5295806420638939,HIT,settled,1.0,MISS,-1.083595514419272,1.083595514419272,Přestřeleno,count-models-v1.6,2026-09-15T00:38:40
e103fee59043dc336db0,2026-09-09T19:09:23,2026-27,4,2026-09-12,Chelsea,Hull,F Hallam,Chelsea,H,corners,5.057067555904705,5.5,4.0,5.0,0.2905328515086461,MISS,settled,10.0,HIT,4.942932444095295,4.942932444095295,Podstřeleno,count-models-v1.6,2026-09-15T00:38:40
d36b559cfec870842333,2026-09-09T19:09:23,2026-27,4,2026-09-12,Liverpool,Fulham,T Bramall,Fulham,A,corners,5.519009616354012,5.5,4.0,5.0,0.278069737419423,MISS,settled,8.0,HIT,2.480990383645988,2.480990383645988,Podstřeleno,count-models-v1.6,2026-09-15T00:38:40
166c851fd7f003534047,2026-09-09T19:09:23,2026-27,4,2026-09-13,Manchester United,Manchester City,M Oliver,Manchester City,A,corners,5.233437079983469,5.5,4.0,5.0,0.2863751324743404,MISS,settled,7.0,HIT,1.766562920016531,1.766562920016531,Podstřeleno,count-models-v1.6,2026-09-15T00:38:40
eed8b47e4b8b09732469,2026-09-09T19:09:23,2026-27,4,2026-09-12,Sunderland,Arsenal,J Brooks,Sunderland,H,corners,3.4237977525282783,3.5,2.0,3.0,0.3777864901929939,MISS,settled,4.0,HIT,0.5762022474717217,0.5762022474717217,Podstřeleno,count-models-v1.6,2026-09-15T00:38:40
9544adbb36bdf4260c28,2026-09-09T19:09:23,2026-27,4,2026-09-12,Tottenham,Everton,D England,Everton,A,yellow_cards,1.9935535128356323,1.5,1.0,2.0,0.5422107459303874,HIT,settled,2.0,HIT,0.0064464871643676,0.0064464871643676,Podstřeleno,count-models-v1.6,2026-09-15T00:38:40
de00ca65a09a0c6be5dc,2026-09-09T19:09:23,2026-27,4,2026-09-12,Aston Villa,Nottingham Forest,A Madley,Nottingham Forest,A,fouls,11.439300365166572,11.5,10.0,12.0,0.3450109577363009,MISS,settled,16.0,HIT,4.560699634833428,4.560699634833428,Podstřeleno,count-models-v1.6,2026-09-15T00:38:40
9319074fea85a2c8e44e,2026-09-09T19:09:23,2026-27,4,2026-09-14,Leeds,Newcastle United,M Salisbury,Leeds,H,fouls,12.76297421289927,12.5,11.0,13.0,0.3264936490385995,MISS,settled,8.0,MISS,-4.76297421289927,4.76297421289927,Přestřeleno,count-models-v1.6,2026-09-15T00:38:40
942b1c5170cf4845f23b,2026-09-09T19:09:23,2026-27,4,2026-09-13,Coventry,Brighton & Hove Albion,T Harrington,Coventry,H,corners,4.619237201916392,4.5,3.0,4.0,0.3124750683942472,MISS,settled,5.0,HIT,0.3807627980836079,0.3807627980836079,Podstřeleno,count-models-v1.6,2026-09-15T00:38:40
6844a0ca3c85a2054b70,2026-09-09T19:09:23,2026-27,4,2026-09-12,Sunderland,Arsenal,J Brooks,CELKEM,T,yellow_cards_total,3.952097812517883,3.5,3.0,4.0,0.3929879677125362,MISS,settled,8.0,HIT,4.0479021874821175,4.0479021874821175,Podstřeleno,count-models-v1.6,2026-09-15T00:38:40
21e9fba0cdcfc7e3e00c,2026-09-09T19:09:23,2026-27,4,2026-09-13,Coventry,Brighton & Hove Albion,T Harrington,CELKEM,T,corners_total,10.264617884165023,10.5,8.0,10.0,0.2989759773324985,HIT,settled,8.0,MISS,-2.264617884165024,2.264617884165024,Přestřeleno,count-models-v1.6,2026-09-15T00:38:40
00d950e0988782fc1155,2026-09-09T19:09:23,2026-27,4,2026-09-12,Liverpool,Fulham,T Bramall,Liverpool,H,yellow_cards,2.0188471429155643,2.5,1.0,2.0,0.5387667135674183,MISS,settled,0.0,MISS,-2.0188471429155643,2.0188471429155643,Přestřeleno,count-models-v1.6,2026-09-15T00:38:40
5890cc19208d8f7df836,2026-09-09T19:09:23,2026-27,4,2026-09-14,Leeds,Newcastle United,M Salisbury,Newcastle United,A,corners,5.184249634038803,5.5,4.0,5.0,0.2876167594560784,HIT,settled,5.0,MISS,-0.1842496340388031,0.1842496340388031,Přestřeleno,count-models-v1.6,2026-09-15T00:38:40
8550d1c407a419ab28f8,2026-09-09T19:09:23,2026-27,4,2026-09-12,Sunderland,Arsenal,J Brooks,CELKEM,T,fouls_total,25.3383120743049,25.5,23.0,26.0,0.3090982595204533,MISS,settled,29.0,HIT,3.6616879256951016,3.6616879256951016,Podstřeleno,count-models-v1.6,2026-09-15T00:38:40
95fc95ba83d8b10c88b8,2026-09-09T19:09:23,2026-27,4,2026-09-12,Tottenham,Everton,D England,Tottenham,H,corners,5.946065304383575,5.5,4.0,5.0,0.2629132102907656,HIT,settled,5.0,MISS,-0.9460653043835752,0.9460653043835752,Přestřeleno,count-models-v1.6,2026-09-15T00:38:40
4de3dedc5486159d2ff1,2026-09-09T19:09:23,2026-27,4,2026-09-12,Bournemouth,Brentford,J Gillett,Brentford,A,corners,5.821076996195691,5.5,4.0,5.0,0.2676215040841881,MISS,settled,1.0,MISS,-4.821076996195691,4.821076996195691,Přestřeleno,count-models-v1.6,2026-09-15T00:38:40
260d19a431c0a0bac075,2026-09-09T19:09:23,2026-27,4,2026-09-12,Tottenham,Everton,D England,Everton,A,corners,5.586166387205995,5.5,4.0,5.0,0.2758770853839118,MISS,settled,6.0,HIT,0.4138336127940052,0.4138336127940052,Podstřeleno,count-models-v1.6,2026-09-15T00:38:40
3ec089e8c0d2e477fb49,2026-09-09T19:09:23,2026-27,4,2026-09-12,Bournemouth,Brentford,J Gillett,Brentford,A,fouls,13.482542009373663,13.5,12.0,14.0,0.3190206964212225,HIT,settled,13.0,MISS,-0.4825420093736632,0.4825420093736632,Přestřeleno,count-models-v1.6,2026-09-15T00:38:40
77f25d67eabbd2fd1ac5,2026-09-09T19:09:23,2026-27,4,2026-09-12,Aston Villa,Nottingham Forest,A Madley,CELKEM,T,fouls_total,23.8805491525204,23.5,22.0,25.0,0.3186817135939465,MISS,settled,27.0,HIT,3.1194508474796017,3.1194508474796017,Podstřeleno,count-models-v1.6,2026-09-15T00:38:40
d05efcd3c5343eaa86ce,2026-09-09T19:09:23,2026-27,4,2026-09-12,Sunderland,Arsenal,J Brooks,Arsenal,A,fouls,12.812622935920285,12.5,11.0,13.0,0.3255161520384178,HIT,settled,11.0,MISS,-1.8126229359202848,1.8126229359202848,Přestřeleno,count-models-v1.6,2026-09-15T00:38:40
71ca989f6a07b1ac2796,2026-09-09T19:09:23,2026-27,4,2026-09-12,Aston Villa,Nottingham Forest,A Madley,Nottingham Forest,A,yellow_cards,1.8840355064827168,1.5,1.0,2.0,0.5560528292439677,MISS,settled,5.0,HIT,3.115964493517283,3.115964493517283,Podstřeleno,count-models-v1.6,2026-09-15T00:38:40
7ffa64ecf122ec5a24d9,2026-09-09T19:09:23,2026-27,4,2026-09-13,Manchester United,Manchester City,M Oliver,Manchester United,H,corners,4.460973597614488,4.5,3.0,4.0,0.3201073155180441,MISS,settled,6.0,HIT,1.5390264023855122,1.5390264023855122,Podstřeleno,count-models-v1.6,2026-09-15T00:38:40
c06d1211f944f16a5e79,2026-09-09T19:09:23,2026-27,4,2026-09-12,Aston Villa,Nottingham Forest,A Madley,CELKEM,T,yellow_cards_total,4.070727237084037,4.5,3.0,4.0,0.3870999015900951,MISS,settled,7.0,HIT,2.9292727629159634,2.9292727629159634,Podstřeleno,count-models-v1.6,2026-09-15T00:38:40
c02be4a6fee8290da8cf,2026-09-09T19:09:23,2026-27,4,2026-09-12,Sunderland,Arsenal,J Brooks,Arsenal,A,yellow_cards,1.7358086412357596,1.5,1.0,2.0,0.5714843715402993,HIT,settled,2.0,HIT,0.2641913587642404,0.2641913587642404,Podstřeleno,count-models-v1.6,2026-09-15T00:38:40
806f5e25adff2b762e1d,2026-09-09T19:09:23,2026-27,4,2026-09-13,Manchester United,Manchester City,M Oliver,Manchester United,H,yellow_cards,1.7177024121089872,1.5,1.0,2.0,0.5730649858064202,HIT,settled,1.0,MISS,-0.7177024121089872,0.7177024121089872,Přestřeleno,count-models-v1.6,2026-09-15T00:38:40
23d00d5d617372ec345f,2026-09-09T19:09:23,2026-27,4,2026-09-12,Sunderland,Arsenal,J Brooks,Sunderland,H,fouls,12.525689138384614,12.5,11.0,13.0,0.3304133537987556,MISS,settled,18.0,HIT,5.474310861615386,5.474310861615386,Podstřeleno,count-models-v1.6,2026-09-15T00:38:40
0cfc5c0ecc4e1c5c9525,2026-09-09T19:09:23,2026-27,4,2026-09-12,Sunderland,Arsenal,J Brooks,Sunderland,H,yellow_cards,2.216289171282124,2.5,1.0,2.0,0.5093363367840362,MISS,settled,6.0,HIT,3.783710828717876,3.783710828717876,Podstřeleno,count-models-v1.6,2026-09-15T00:38:40
e1d8ebf9bba1b28b879d,2026-09-09T19:09:23,2026-27,4,2026-09-12,Liverpool,Fulham,T Bramall,CELKEM,T,fouls_total,21.32241848782663,21.5,19.0,22.0,0.3354339952324193,HIT,settled,19.0,MISS,-2.3224184878266314,2.3224184878266314,Přestřeleno,count-models-v1.6,2026-09-15T00:38:40
06fc19948637989a2e01,2026-09-09T19:09:23,2026-27,4,2026-09-12,Sunderland,Arsenal,J Brooks,Arsenal,A,corners,5.558444341115281,5.5,4.0,5.0,0.2767921007337002,MISS,settled,2.0,MISS,-3.5584443411152806,3.5584443411152806,Přestřeleno,count-models-v1.6,2026-09-15T00:38:40
cede61e2dd8001d1d42f,2026-09-09T19:09:23,2026-27,4,2026-09-12,Tottenham,Everton,D England,CELKEM,T,yellow_cards_total,3.877824181028284,3.5,3.0,4.0,0.396133655799126,MISS,settled,2.0,MISS,-1.877824181028284,1.877824181028284,Přestřeleno,count-models-v1.6,2026-09-15T00:38:40
dc6269fc4815e2b050c1,2026-09-09T19:09:23,2026-27,4,2026-09-12,Tottenham,Everton,D England,Everton,A,fouls,12.19122396790602,12.5,11.0,13.0,0.3336911527543763,MISS,settled,8.0,MISS,-4.191223967906019,4.191223967906019,Přestřeleno,count-models-v1.6,2026-09-15T00:38:40
a5990a15dc514fd24692,2026-09-09T19:09:23,2026-27,4,2026-09-13,Manchester United,Manchester City,M Oliver,Manchester United,H,fouls,10.641930527115246,10.5,9.0,11.0,0.3565935757276645,MISS,settled,17.0,HIT,6.358069472884754,6.358069472884754,Podstřeleno,count-models-v1.6,2026-09-15T00:38:40
2436ec982e131f041891,2026-09-09T19:09:23,2026-27,4,2026-09-12,Bournemouth,Brentford,J Gillett,CELKEM,T,fouls_total,24.03928235223271,24.5,22.0,25.0,0.3177093793452231,HIT,settled,23.0,MISS,-1.0392823522327106,1.0392823522327106,Přestřeleno,count-models-v1.6,2026-09-15T00:38:40
2abc45a7e45a40ac5daf,2026-09-15T00:38:52,2026-27,5,2026-09-20,Bournemouth,Liverpool,,Bournemouth,H,yellow_cards,2.300721372368751,2.5,1.0,2.0,0.4956609922215125,HIT,settled,1.0,MISS,-1.3007213723687512,1.3007213723687512,Přestřeleno,count-models-v1.4,2026-09-22T00:50:23
86e9594bd426141802dc,2026-09-15T00:38:52,2026-27,5,2026-09-19,Nottingham Forest,Coventry,,Coventry,A,fouls,12.801882050929173,12.5,11.0,13.0,0.3257320969478287,MISS,settled,10.0,MISS,-2.801882050929173,2.801882050929173,Přestřeleno,count-models-v1.4,2026-09-22T00:50:23
bd97fc374ebb76b3296a,2026-09-15T00:38:52,2026-27,5,2026-09-20,Bournemouth,Liverpool,,Bournemouth,H,corners,5.116491432223198,5.5,4.0,5.0,0.2892249299901557,MISS,settled,3.0,MISS,-2.1164914322231976,2.1164914322231976,Přestřeleno,count-models-v1.4,2026-09-22T00:50:23
0fcf6e68d14e2c5e6302,2026-09-15T00:38:52,2026-27,5,2026-09-19,Tottenham,Aston Villa,,CELKEM,T,fouls_total,24.115223129624454,24.5,22.0,25.0,0.3171360651201592,HIT,settled,22.0,MISS,-2.1152231296244537,2.1152231296244537,Přestřeleno,count-models-v1.4,2026-09-22T00:50:23
b6d8e736e9a3d594a07f,2026-09-15T00:38:52,2026-27,5,2026-09-19,Everton,Ipswich,,CELKEM,T,fouls_total,22.16210958998244,22.5,20.0,23.0,0.3299996754007841,MISS,settled,18.0,MISS,-4.162109589982439,4.162109589982439,Přestřeleno,count-models-v1.4,2026-09-22T00:50:23
f8f016b362c1579f5037,2026-09-15T00:38:52,2026-27,5,2026-09-19,Tottenham,Aston Villa,,Aston Villa,A,corners,4.611323393938663,4.5,3.0,4.0,0.3128700950407265,MISS,settled,1.0,MISS,-3.611323393938663,3.611323393938663,Přestřeleno,count-models-v1.4,2026-09-22T00:50:23
d5bcd4cc78caa71a7785,2026-09-15T00:38:52,2026-27,5,2026-09-19,Everton,Ipswich,,Ipswich,A,yellow_cards,2.134213073320566,2.5,1.0,2.0,0.522063914275822,HIT,settled,1.0,MISS,-1.134213073320566,1.134213073320566,Přestřeleno,count-models-v1.4,2026-09-22T00:50:23
3b274c1d6c0d4fb591b6,2026-09-15T00:38:52,2026-27,5,2026-09-19,Tottenham,Aston Villa,,Aston Villa,A,fouls,11.806401668305591,11.5,10.0,12.0,0.3383802236429621,MISS,settled,13.0,HIT,1.1935983316944083,1.1935983316944083,Podstřeleno,count-models-v1.4,2026-09-22T00:50:23
7ed92b770927b40b1f9b,2026-09-15T00:38:52,2026-27,5,2026-09-20,Bournemouth,Liverpool,,CELKEM,T,fouls_total,23.993881869343955,23.5,22.0,25.0,0.3180188879781203,HIT,settled,24.0,HIT,0.0061181306560449,0.0061181306560449,Podstřeleno,count-models-v1.4,2026-09-22T00:50:23
ed0d64350c5edb824ac8,2026-09-15T00:38:52,2026-27,5,2026-09-18,Brentford,Chelsea,,Chelsea,A,corners,4.651047121222804,4.5,3.0,4.0,0.3108742667131263,MISS,settled,12.0,HIT,7.348952878777196,7.348952878777196,Podstřeleno,count-models-v1.4,2026-09-22T00:50:23
470e8bc14447ef1092c9,2026-09-15T00:38:52,2026-27,5,2026-09-20,Manchester City,Sunderland,,Manchester City,H,corners,5.050328741751958,5.5,4.0,5.0,0.2906749050314526,MISS,settled,6.0,HIT,0.949671258248042,0.949671258248042,Podstřeleno,count-models-v1.4,2026-09-22T00:50:23
4f70b4fd1e34f220b94d,2026-09-15T00:38:52,2026-27,5,2026-09-18,Brentford,Chelsea,,Chelsea,A,yellow_cards,2.1388903073724537,2.5,1.0,2.0,0.5213557591812881,MISS,settled,0.0,MISS,-2.1388903073724537,2.1388903073724537,Přestřeleno,count-models-v1.4,2026-09-22T00:50:23
074ebfcb7345d01e93b8,2026-09-15T00:38:52,2026-27,5,2026-09-18,Brentford,Chelsea,,Brentford,H,corners,5.851172973444871,5.5,4.0,5.0,0.2665057427651826,HIT,settled,4.0,MISS,-1.8511729734448716,1.8511729734448716,Přestřeleno,count-models-v1.4,2026-09-22T00:50:23
b7c9cfbe26c34b7f7c36,2026-09-15T00:38:52,2026-27,5,2026-09-18,Brentford,Chelsea,,Brentford,H,fouls,12.791805735694895,12.5,11.0,13.0,0.3259324418165359,MISS,settled,10.0,MISS,-2.7918057356948958,2.7918057356948958,Přestřeleno,count-models-v1.4,2026-09-22T00:50:23
2ea3969c50c76d7a1b79,2026-09-15T00:38:52,2026-27,5,2026-09-18,Brentford,Chelsea,,Brentford,H,yellow_cards,2.30801739639976,2.5,1.0,2.0,0.4944556129324718,HIT,settled,2.0,MISS,-0.3080173963997601,0.3080173963997601,Přestřeleno,count-models-v1.4,2026-09-22T00:50:23
99a0eaf1f19cd1ee6b0d,2026-09-15T00:38:52,2026-27,5,2026-09-19,Tottenham,Aston Villa,,Tottenham,H,fouls,12.30882146131886,12.5,11.0,13.0,0.3328506989995021,MISS,settled,9.0,MISS,-3.3088214613188605,3.3088214613188605,Přestřeleno,count-models-v1.4,2026-09-22T00:50:23
7de64b2b1556d02eb3d7,2026-09-15T00:38:52,2026-27,5,2026-09-19,Tottenham,Aston Villa,,CELKEM,T,corners_total,10.257863363876218,10.5,8.0,10.0,0.2991248914507144,MISS,settled,12.0,HIT,1.7421366361237816,1.7421366361237816,Podstřeleno,count-models-v1.4,2026-09-22T00:50:23
5f6f5d4190cf56b77cce,2026-09-15T00:38:52,2026-27,5,2026-09-20,Bournemouth,Liverpool,,Bournemouth,H,fouls,11.176040821768328,11.5,10.0,12.0,0.3475721101434301,HIT,settled,11.0,MISS,-0.1760408217683284,0.1760408217683284,Přestřeleno,count-models-v1.4,2026-09-22T00:50:23
a301b14b805a94197151,2026-09-15T00:38:52,2026-27,5,2026-09-20,Fulham,Manchester United,,Fulham,H,corners,5.331867556016395,5.5,4.0,5.0,0.2837143223711659,MISS,settled,3.0,MISS,-2.3318675560163946,2.3318675560163946,Přestřeleno,count-models-v1.4,2026-09-22T00:50:23
2642c68fa949dbdc4920,2026-09-15T00:38:52,2026-27,5,2026-09-19,Tottenham,Aston Villa,,Tottenham,H,yellow_cards,1.798430532958091,1.5,1.0,2.0,0.5654828045947844,HIT,settled,1.0,MISS,-0.798430532958091,0.798430532958091,Přestřeleno,count-models-v1.4,2026-09-22T00:50:23
1fa5497f8a42d29e6529,2026-09-15T00:38:52,2026-27,5,2026-09-19,Tottenham,Aston Villa,,CELKEM,T,yellow_cards_total,3.810387503738976,3.5,3.0,4.0,0.3986011117160049,HIT,settled,3.0,MISS,-0.8103875037389758,0.8103875037389758,Přestřeleno,count-models-v1.4,2026-09-22T00:50:23
39cc47225827102e9148,2026-09-15T00:38:52,2026-27,5,2026-09-19,Brighton & Hove Albion,Arsenal,,CELKEM,T,yellow_cards_total,4.139328845788676,4.5,3.0,4.0,0.3832476203260276,MISS,settled,5.0,HIT,0.8606711542113237,0.8606711542113237,Podstřeleno,count-models-v1.4,2026-09-22T00:50:23
9a1982c36d7ab12e4102,2026-09-15T00:38:52,2026-27,5,2026-09-20,Bournemouth,Liverpool,,Liverpool,A,corners,4.819026557600202,4.5,3.0,4.0,0.3021102060460915,HIT,settled,3.0,MISS,-1.8190265576002016,1.8190265576002016,Přestřeleno,count-models-v1.4,2026-09-22T00:50:23
03615ed50b2bdbae772c,2026-09-15T00:38:52,2026-27,5,2026-09-18,Brentford,Chelsea,,Chelsea,A,fouls,10.098392284450352,10.5,9.0,11.0,0.363681617036071,MISS,settled,7.0,MISS,-3.098392284450352,3.098392284450352,Přestřeleno,count-models-v1.4,2026-09-22T00:50:23
e0a1dcc1467796a51c42,2026-09-15T00:38:52,2026-27,5,2026-09-19,Everton,Ipswich,,Everton,H,fouls,10.035903605032132,10.5,9.0,11.0,0.3638938400964019,MISS,settled,6.0,MISS,-4.035903605032132,4.035903605032132,Přestřeleno,count-models-v1.4,2026-09-22T00:50:23
7806cab972519b6494a9,2026-09-15T00:38:52,2026-27,5,2026-09-20,Fulham,Manchester United,,Manchester United,A,fouls,10.405281304065522,10.5,9.0,11.0,0.3607960509688088,MISS,settled,5.0,MISS,-5.405281304065522,5.405281304065522,Přestřeleno,count-models-v1.4,2026-09-22T00:50:23
485e274ee1f7ad4102ee,2026-09-15T00:38:52,2026-27,5,2026-09-19,Brighton & Hove Albion,Arsenal,,Brighton & Hove Albion,H,fouls,13.759169410423493,13.5,12.0,14.0,0.3150664876433082,HIT,settled,13.0,MISS,-0.7591694104234925,0.7591694104234925,Přestřeleno,count-models-v1.4,2026-09-22T00:50:23
e5d143e1911411f71d27,2026-09-15T00:38:52,2026-27,5,2026-09-20,Fulham,Manchester United,,Manchester United,A,corners,5.1001870386676735,5.5,4.0,5.0,0.2895935410643843,MISS,settled,13.0,HIT,7.8998129613323265,7.8998129613323265,Podstřeleno,count-models-v1.4,2026-09-22T00:50:23
d97c2383d8757eec7b8c,2026-09-15T00:38:52,2026-27,5,2026-09-19,Everton,Ipswich,,Ipswich,A,corners,4.387776110293213,4.5,3.0,4.0,0.323426277549887,HIT,settled,4.0,MISS,-0.3877761102932133,0.3877761102932133,Přestřeleno,count-models-v1.4,2026-09-22T00:50:23
e7097201da806d38bae0,2026-09-15T00:38:52,2026-27,5,2026-09-19,Everton,Ipswich,,Everton,H,yellow_cards,1.9008489218337137,1.5,1.0,2.0,0.554049462722078,HIT,settled,2.0,HIT,0.0991510781662863,0.0991510781662863,Podstřeleno,count-models-v1.4,2026-09-22T00:50:23
1e41c0cab6287b310910,2026-09-15T00:38:52,2026-27,5,2026-09-19,Everton,Ipswich,,CELKEM,T,corners_total,10.28468412115024,10.5,8.0,10.0,0.2980228146807777,HIT,settled,8.0,MISS,-2.2846841211502404,2.2846841211502404,Přestřeleno,count-models-v1.4,2026-09-22T00:50:23
31cedb212c3e96fc15c1,2026-09-15T00:38:52,2026-27,5,2026-09-20,Bournemouth,Liverpool,,CELKEM,T,corners_total,9.9355179898234,9.5,8.0,10.0,0.3063128378275378,MISS,settled,6.0,MISS,-3.935517989823399,3.935517989823399,Přestřeleno,count-models-v1.4,2026-09-22T00:50:23
5659ba8be2ac261b704b,2026-09-15T00:38:52,2026-27,5,2026-09-19,Tottenham,Aston Villa,,Tottenham,H,corners,5.646539969937555,5.5,4.0,5.0,0.2738383003685677,MISS,settled,11.0,HIT,5.353460030062445,5.353460030062445,Podstřeleno,count-models-v1.4,2026-09-22T00:50:23
c846e847960f85a2230c,2026-09-15T00:38:52,2026-27,5,2026-09-20,Fulham,Manchester United,,CELKEM,T,yellow_cards_total,3.244739878500624,3.5,2.0,3.0,0.427120337202105,HIT,settled,3.0,MISS,-0.2447398785006238,0.2447398785006238,Přestřeleno,count-models-v1.4,2026-09-22T00:50:23
1ff7b9646b439a8d03e0,2026-09-15T00:38:52,2026-27,5,2026-09-19,Everton,Ipswich,,Ipswich,A,fouls,12.126205984950309,12.5,11.0,13.0,0.3340060096638613,HIT,settled,12.0,MISS,-0.1262059849503085,0.1262059849503085,Přestřeleno,count-models-v1.4,2026-09-22T00:50:23
c7e9cfcf025990d295b9,2026-09-15T00:38:52,2026-27,5,2026-09-19,Brighton & Hove Albion,Arsenal,,Brighton & Hove Albion,H,corners,4.500791953522913,4.5,3.0,4.0,0.3182428887092065,MISS,settled,5.0,HIT,0.4992080464770874,0.4992080464770874,Podstřeleno,count-models-v1.4,2026-09-22T00:50:23
c8e2820b6d052162b525,2026-09-15T00:38:52,2026-27,5,2026-09-19,Brighton & Hove Albion,Arsenal,,Arsenal,A,fouls,10.961820854829568,10.5,9.0,11.0,0.3484315615705953,HIT,settled,11.0,HIT,0.0381791451704316,0.0381791451704316,Podstřeleno,count-models-v1.4,2026-09-22T00:50:23
ad9bf653618e6ad5f55f,2026-09-15T00:38:52,2026-27,5,2026-09-19,Brighton & Hove Albion,Arsenal,,Arsenal,A,corners,4.929761527499287,4.5,3.0,4.0,0.2960912034336806,MISS,settled,6.0,HIT,1.070238472500713,1.070238472500713,Podstřeleno,count-models-v1.4,2026-09-22T00:50:23
b93676b2b0072adf0f2e,2026-09-15T00:38:52,2026-27,5,2026-09-20,Bournemouth,Liverpool,,Liverpool,A,yellow_cards,2.138633145723248,2.5,1.0,2.0,0.5213947518748036,HIT,settled,2.0,MISS,-0.1386331457232481,0.1386331457232481,Přestřeleno,count-models-v1.4,2026-09-22T00:50:23
0b47ed4db23f6f0f3f41,2026-09-15T00:38:52,2026-27,5,2026-09-20,Bournemouth,Liverpool,,Liverpool,A,fouls,12.817841047575628,12.5,11.0,13.0,0.3254103560492405,HIT,settled,13.0,HIT,0.1821589524243716,0.1821589524243716,Podstřeleno,count-models-v1.4,2026-09-22T00:50:23
5b20ac91e12325e80901,2026-09-15T00:38:52,2026-27,5,2026-09-20,Fulham,Manchester United,,CELKEM,T,corners_total,10.432054594684068,10.5,8.0,10.0,0.2952853946412589,MISS,settled,16.0,HIT,5.567945405315932,5.567945405315932,Podstřeleno,count-models-v1.4,2026-09-22T00:50:23
d5c78e5b8d7a210d9639,2026-09-15T00:38:52,2026-27,5,2026-09-18,Brentford,Chelsea,,CELKEM,T,fouls_total,22.89019802014525,22.5,21.0,24.0,0.3251756542298782,MISS,settled,17.0,MISS,-5.890198020145249,5.890198020145249,Přestřeleno,count-models-v1.4,2026-09-22T00:50:23
d86ee6c4e9ddab4d2a16,2026-09-15T00:38:52,2026-27,5,2026-09-18,Brentford,Chelsea,,CELKEM,T,corners_total,10.502220094667676,10.5,8.0,10.0,0.2929750346645822,MISS,settled,16.0,HIT,5.497779905332324,5.497779905332324,Podstřeleno,count-models-v1.4,2026-09-22T00:50:23
798ca1943415b5b7c0b1,2026-09-15T00:38:52,2026-27,5,2026-09-20,Fulham,Manchester United,,CELKEM,T,fouls_total,20.8706073079771,20.5,19.0,22.0,0.3396945629287337,MISS,settled,14.0,MISS,-6.8706073079771,6.8706073079771,Přestřeleno,count-models-v1.4,2026-09-22T00:50:23
f38609a59199d0e0545e,2026-09-15T00:38:52,2026-27,5,2026-09-20,Fulham,Manchester United,,Fulham,H,yellow_cards,1.730457322278386,1.5,1.0,2.0,0.5719590114491786,MISS,settled,3.0,HIT,1.269542677721614,1.269542677721614,Podstřeleno,count-models-v1.4,2026-09-22T00:50:23
f5cc2828246220dc450a,2026-09-15T00:38:52,2026-27,5,2026-09-20,Fulham,Manchester United,,Fulham,H,fouls,10.465326003911578,10.5,9.0,11.0,0.3598866805330172,HIT,settled,9.0,MISS,-1.465326003911578,1.465326003911578,Přestřeleno,count-models-v1.4,2026-09-22T00:50:23
282b8140bb5ed06f86e9,2026-09-15T00:38:52,2026-27,5,2026-09-19,Nottingham Forest,Coventry,,CELKEM,T,corners_total,9.517123108856016,9.5,8.0,10.0,0.3127458260683711,HIT,settled,8.0,MISS,-1.5171231088560155,1.5171231088560155,Přestřeleno,count-models-v1.4,2026-09-22T00:50:23
94d35d6d007a170819c3,2026-09-15T00:38:52,2026-27,5,2026-09-20,Manchester City,Sunderland,,Sunderland,A,fouls,12.392125430576776,12.5,11.0,13.0,0.3320483334624329,MISS,settled,14.0,HIT,1.607874569423224,1.607874569423224,Podstřeleno,count-models-v1.4,2026-09-22T00:50:23
94c8e3f1ee1b42f67bad,2026-09-15T00:38:52,2026-27,5,2026-09-19,Newcastle United,Hull,,CELKEM,T,corners_total,9.67892130783471,9.5,8.0,10.0,0.3106176009336983,MISS,settled,11.0,HIT,1.3210786921652904,1.3210786921652904,Podstřeleno,count-models-v1.4,2026-09-22T00:50:23
b58c15dda1cd2546c028,2026-09-15T00:38:52,2026-27,5,2026-09-20,Leeds,Crystal Palace,,CELKEM,T,fouls_total,21.372082175572075,21.5,19.0,22.0,0.3347897876213088,HIT,settled,22.0,HIT,0.6279178244279251,0.6279178244279251,Podstřeleno,count-models-v1.4,2026-09-22T00:50:23
cfd8c3b224fa0eeb5218,2026-09-15T00:38:52,2026-27,5,2026-09-20,Leeds,Crystal Palace,,CELKEM,T,yellow_cards_total,3.4699292081422577,3.5,3.0,4.0,0.4046653141659053,MISS,settled,5.0,HIT,1.5300707918577423,1.5300707918577423,Podstřeleno,count-models-v1.4,2026-09-22T00:50:23
991a18ecbbcec0e1718a,2026-09-15T00:38:52,2026-27,5,2026-09-20,Leeds,Crystal Palace,,Crystal Palace,A,corners,4.621395949416627,4.5,3.0,4.0,0.3123670855867222,HIT,settled,3.0,MISS,-1.6213959494166268,1.6213959494166268,Přestřeleno,count-models-v1.4,2026-09-22T00:50:23
31ef447e97bc68963e0e,2026-09-15T00:38:52,2026-27,5,2026-09-20,Manchester City,Sunderland,,Sunderland,A,corners,4.347876379505466,4.5,3.0,4.0,0.3251723680221282,MISS,settled,5.0,HIT,0.6521236204945344,0.6521236204945344,Podstřeleno,count-models-v1.4,2026-09-22T00:50:23
f6bffb0859116d7e48ed,2026-09-15T00:38:52,2026-27,5,2026-09-20,Manchester City,Sunderland,,Sunderland,A,yellow_cards,2.1572293372212856,2.5,1.0,2.0,0.5185582024387273,HIT,settled,1.0,MISS,-1.1572293372212856,1.1572293372212856,Přestřeleno,count-models-v1.4,2026-09-22T00:50:23
aa3ea138edd26e1e96fd,2026-09-15T00:38:52,2026-27,5,2026-09-20,Leeds,Crystal Palace,,Leeds,H,corners,5.164396919364789,5.5,4.0,5.0,0.288100454163432,HIT,settled,4.0,MISS,-1.1643969193647887,1.1643969193647887,Přestřeleno,count-models-v1.4,2026-09-22T00:50:23
fac6cc1af0fc6c210f11,2026-09-15T00:38:52,2026-27,5,2026-09-20,Leeds,Crystal Palace,,Leeds,H,fouls,10.47029813782435,10.5,9.0,11.0,0.3598065030430617,HIT,settled,10.0,MISS,-0.4702981378243507,0.4702981378243507,Přestřeleno,count-models-v1.4,2026-09-22T00:50:23
d58fca7526f46bed5dc2,2026-09-15T00:38:52,2026-27,5,2026-09-20,Leeds,Crystal Palace,,Leeds,H,yellow_cards,1.5476565404780374,1.5,1.0,2.0,0.5840465517085727,HIT,settled,2.0,HIT,0.4523434595219626,0.4523434595219626,Podstřeleno,count-models-v1.4,2026-09-22T00:50:23
9fb6b9a75fef6714536e,2026-09-15T00:38:52,2026-27,5,2026-09-20,Manchester City,Sunderland,,CELKEM,T,corners_total,9.398205121257424,9.5,7.0,9.0,0.3153115491689193,MISS,settled,11.0,HIT,1.6017948787425755,1.6017948787425755,Podstřeleno,count-models-v1.4,2026-09-22T00:50:23
d23e05b5b970b8048317,2026-09-15T00:38:52,2026-27,5,2026-09-20,Leeds,Crystal Palace,,Crystal Palace,A,yellow_cards,1.9222726676642203,1.5,1.0,2.0,0.5514299678876613,MISS,settled,3.0,HIT,1.0777273323357797,1.0777273323357797,Podstřeleno,count-models-v1.4,2026-09-22T00:50:23
d178d1b751034e87f6a4,2026-09-15T00:38:52,2026-27,5,2026-09-18,Brentford,Chelsea,,CELKEM,T,yellow_cards_total,4.446907703772213,4.5,3.0,4.0,0.3625712609208119,MISS,settled,2.0,MISS,-2.4469077037722133,2.4469077037722133,Přestřeleno,count-models-v1.4,2026-09-22T00:50:23
0d8c0d1d7383641e6305,2026-09-15T00:38:52,2026-27,5,2026-09-19,Brighton & Hove Albion,Arsenal,,Brighton & Hove Albion,H,yellow_cards,2.4896155568748863,2.5,2.0,3.0,0.4703584611622152,MISS,settled,4.0,HIT,1.5103844431251137,1.5103844431251137,Podstřeleno,count-models-v1.4,2026-09-22T00:50:23
598423e34bb4cd149b24,2026-09-15T00:38:52,2026-27,5,2026-09-20,Bournemouth,Liverpool,,CELKEM,T,yellow_cards_total,4.439354518091999,4.5,3.0,4.0,0.3631368347716486,HIT,settled,3.0,MISS,-1.439354518091999,1.439354518091999,Přestřeleno,count-models-v1.4,2026-09-22T00:50:23
6fb54740f547a422edc7,2026-09-15T00:38:52,2026-27,5,2026-09-19,Brighton & Hove Albion,Arsenal,,CELKEM,T,corners_total,9.4305534810222,9.5,7.0,9.0,0.3144548790876608,MISS,settled,11.0,HIT,1.5694465189778004,1.5694465189778004,Podstřeleno,count-models-v1.4,2026-09-22T00:50:23
2ca20ac00114a6c7e061,2026-09-15T00:38:52,2026-27,5,2026-09-19,Everton,Ipswich,,CELKEM,T,yellow_cards_total,4.03506199515428,4.5,3.0,4.0,0.3889765916656637,HIT,settled,3.0,MISS,-1.0350619951542797,1.0350619951542797,Přestřeleno,count-models-v1.4,2026-09-22T00:50:23
71dbb49ec256a636ae63,2026-09-15T00:38:52,2026-27,5,2026-09-19,Brighton & Hove Albion,Arsenal,,CELKEM,T,fouls_total,24.720990265253057,24.5,23.0,26.0,0.3131378579151489,HIT,settled,24.0,MISS,-0.7209902652530573,0.7209902652530573,Přestřeleno,count-models-v1.4,2026-09-22T00:50:23
fb09a59f9e03c54e6401,2026-09-15T00:38:52,2026-27,5,2026-09-19,Everton,Ipswich,,Everton,H,corners,5.896908010857025,5.5,4.0,5.0,0.2647879363361011,HIT,settled,4.0,MISS,-1.896908010857025,1.896908010857025,Přestřeleno,count-models-v1.4,2026-09-22T00:50:23
a439eb98861931844ad9,2026-09-15T00:38:52,2026-27,5,2026-09-19,Nottingham Forest,Coventry,,Nottingham Forest,H,yellow_cards,2.11018312800291,2.5,1.0,2.0,0.5256666617128806,HIT,settled,2.0,MISS,-0.1101831280029101,0.1101831280029101,Přestřeleno,count-models-v1.4,2026-09-22T00:50:23
1c900a625af89b44472b,2026-09-15T00:38:52,2026-27,5,2026-09-20,Manchester City,Sunderland,,Manchester City,H,yellow_cards,1.810341830563283,1.5,1.0,2.0,0.5642519414152916,MISS,settled,0.0,MISS,-1.810341830563283,1.810341830563283,Přestřeleno,count-models-v1.4,2026-09-22T00:50:23
298aecaff950286b83ef,2026-09-15T00:38:52,2026-27,5,2026-09-19,Brighton & Hove Albion,Arsenal,,Arsenal,A,yellow_cards,1.6497132889137902,1.5,1.0,2.0,0.5783301686101479,HIT,settled,1.0,MISS,-0.6497132889137902,0.6497132889137902,Přestřeleno,count-models-v1.4,2026-09-22T00:50:23
0e1ecf4409f029ac5b8e,2026-09-15T00:38:52,2026-27,5,2026-09-19,Nottingham Forest,Coventry,,Nottingham Forest,H,fouls,11.542117626431018,11.5,10.0,12.0,0.3434998896893787,HIT,settled,12.0,HIT,0.4578823735689816,0.4578823735689816,Podstřeleno,count-models-v1.4,2026-09-22T00:50:23
5c4c340f7dd167fe8b0a,2026-09-15T00:38:52,2026-27,5,2026-09-19,Newcastle United,Hull,,Newcastle United,H,yellow_cards,1.9406330684316944,1.5,1.0,2.0,0.5491275035440852,HIT,settled,1.0,MISS,-0.9406330684316944,0.9406330684316944,Přestřeleno,count-models-v1.4,2026-09-22T00:50:23
1a1c4bca21ab44636ded,2026-09-15T00:38:52,2026-27,5,2026-09-19,Newcastle United,Hull,,Newcastle United,H,fouls,10.616512969540487,10.5,9.0,11.0,0.3571230371047874,MISS,settled,4.0,MISS,-6.616512969540487,6.616512969540487,Přestřeleno,count-models-v1.4,2026-09-22T00:50:23
2318aee312bc9a6fa11d,2026-09-15T00:38:52,2026-27,5,2026-09-19,Newcastle United,Hull,,CELKEM,T,fouls_total,22.335680955892613,22.5,20.0,23.0,0.3281148419780396,MISS,settled,14.0,MISS,-8.335680955892613,8.335680955892613,Přestřeleno,count-models-v1.4,2026-09-22T00:50:23
9e300bc4260b8fcabd88,2026-09-15T00:38:52,2026-27,5,2026-09-20,Leeds,Crystal Palace,,Crystal Palace,A,fouls,10.901784037747722,10.5,9.0,11.0,0.3501668906314585,MISS,settled,12.0,HIT,1.0982159622522776,1.0982159622522776,Podstřeleno,count-models-v1.4,2026-09-22T00:50:23
e96c416285641a4d8c6e,2026-09-15T00:38:52,2026-27,5,2026-09-19,Nottingham Forest,Coventry,,CELKEM,T,fouls_total,24.343999677360188,24.5,22.0,25.0,0.314996002420238,HIT,settled,22.0,MISS,-2.343999677360188,2.343999677360188,Přestřeleno,count-models-v1.4,2026-09-22T00:50:23
58a4e22c6ac066b1b9f2,2026-09-15T00:38:52,2026-27,5,2026-09-19,Nottingham Forest,Coventry,,CELKEM,T,yellow_cards_total,4.086790901062099,4.5,3.0,4.0,0.3862259840665074,MISS,settled,2.0,MISS,-2.0867909010620997,2.0867909010620997,Přestřeleno,count-models-v1.4,2026-09-22T00:50:23
a0468bb91be8617b558f,2026-09-15T00:38:52,2026-27,5,2026-09-19,Newcastle United,Hull,,CELKEM,T,yellow_cards_total,4.303960415341451,4.5,3.0,4.0,0.3728143108995483,MISS,settled,5.0,HIT,0.696039584658549,0.696039584658549,Podstřeleno,count-models-v1.4,2026-09-22T00:50:23
8ced5c5cbac1dfd74a25,2026-09-15T00:38:52,2026-27,5,2026-09-19,Newcastle United,Hull,,Hull,A,fouls,11.719167986352124,11.5,10.0,12.0,0.3402606840500334,HIT,settled,10.0,MISS,-1.719167986352124,1.719167986352124,Přestřeleno,count-models-v1.4,2026-09-22T00:50:23
dc1dc11d064d05db4089,2026-09-15T00:38:52,2026-27,5,2026-09-19,Newcastle United,Hull,,Hull,A,yellow_cards,2.363327346909757,2.5,1.0,2.0,0.4852121362369563,MISS,settled,4.0,HIT,1.6366726530902431,1.6366726530902431,Podstřeleno,count-models-v1.4,2026-09-22T00:50:23
d04db9cfaf93dfde47e5,2026-09-15T00:38:52,2026-27,5,2026-09-20,Manchester City,Sunderland,,CELKEM,T,fouls_total,24.190931915468703,24.5,22.0,25.0,0.3164959240109748,MISS,settled,28.0,HIT,3.8090680845312974,3.8090680845312974,Podstřeleno,count-models-v1.4,2026-09-22T00:50:23
c945df71434eb3c5cd19,2026-09-15T00:38:52,2026-27,5,2026-09-19,Nottingham Forest,Coventry,,Coventry,A,yellow_cards,1.9766077730591889,1.5,1.0,2.0,0.5444693183015755,MISS,settled,0.0,MISS,-1.9766077730591889,1.9766077730591889,Přestřeleno,count-models-v1.4,2026-09-22T00:50:23
927eefe5e09e4d618225,2026-09-15T00:38:52,2026-27,5,2026-09-20,Manchester City,Sunderland,,Manchester City,H,fouls,11.79880648489193,11.5,10.0,12.0,0.3385511863787314,MISS,settled,14.0,HIT,2.20119351510807,2.20119351510807,Podstřeleno,count-models-v1.4,2026-09-22T00:50:23
05a576160206ad17f39b,2026-09-15T00:38:52,2026-27,5,2026-09-19,Nottingham Forest,Coventry,,Nottingham Forest,H,corners,4.823920435485432,4.5,3.0,4.0,0.3018478561617788,MISS,settled,6.0,HIT,1.176079564514568,1.176079564514568,Podstřeleno,count-models-v1.4,2026-09-22T00:50:23
44430673eabb9a3dae3c,2026-09-15T00:38:52,2026-27,5,2026-09-19,Newcastle United,Hull,,Hull,A,corners,4.749852244940263,4.5,3.0,4.0,0.3057782950935026,MISS,settled,7.0,HIT,2.2501477550597366,2.2501477550597366,Podstřeleno,count-models-v1.4,2026-09-22T00:50:23
4a2627c631a41b0df2c9,2026-09-15T00:38:52,2026-27,5,2026-09-20,Manchester City,Sunderland,,CELKEM,T,yellow_cards_total,3.967571167784569,3.5,3.0,4.0,0.3922786045438994,MISS,settled,1.0,MISS,-2.967571167784569,2.967571167784569,Přestřeleno,count-models-v1.4,2026-09-22T00:50:23
113af8196d5d53801785,2026-09-15T00:38:52,2026-27,5,2026-09-19,Nottingham Forest,Coventry,,Coventry,A,corners,4.693202673370584,4.5,3.0,4.0,0.3087220863667781,MISS,settled,2.0,MISS,-2.693202673370584,2.693202673370584,Přestřeleno,count-models-v1.4,2026-09-22T00:50:23
073523c023f77bce26d7,2026-09-15T00:38:52,2026-27,5,2026-09-19,Tottenham,Aston Villa,,Aston Villa,A,yellow_cards,2.011956970780885,2.5,1.0,2.0,0.5397133354212599,HIT,settled,2.0,MISS,-0.011956970780885,0.011956970780885,Přestřeleno,count-models-v1.4,2026-09-22T00:50:23
24dcdbc03675840a987e,2026-09-15T00:38:52,2026-27,5,2026-09-20,Leeds,Crystal Palace,,CELKEM,T,corners_total,9.785792868781416,9.5,8.0,10.0,0.3088379946358371,MISS,settled,7.0,MISS,-2.7857928687814155,2.7857928687814155,Přestřeleno,count-models-v1.4,2026-09-22T00:50:23
beb2cba420d8eb8a6dbc,2026-09-15T00:38:52,2026-27,5,2026-09-20,Fulham,Manchester United,,Manchester United,A,yellow_cards,1.5142825562222375,1.5,1.0,2.0,0.5852872216921624,MISS,settled,0.0,MISS,-1.5142825562222375,1.5142825562222375,Přestřeleno,count-models-v1.4,2026-09-22T00:50:23
ba1f6616171855a2421f,2026-09-15T00:38:52,2026-27,5,2026-09-19,Newcastle United,Hull,,Newcastle United,H,corners,4.929069062894447,4.5,3.0,4.0,0.2961293465660294,HIT,settled,4.0,MISS,-0.9290690628944472,0.9290690628944472,Přestřeleno,count-models-v1.4,2026-09-22T00:50:23
1f4bd3a6ef879e806831,2026-09-22T00:50:34,2026-27,6,2026-10-10,Ipswich,Fulham,,Fulham,A,fouls,10.823455110610434,10.5,9.0,11.0,0.3522932360669022,,pending,,,,,,count-models-v1.4,
0ae9c70340dbd52bb8cb,2026-09-22T00:50:34,2026-27,6,2026-10-10,Ipswich,Fulham,,Fulham,A,yellow_cards,1.8185972716616488,1.5,1.0,2.0,0.5633828696305729,,pending,,,,,,count-models-v1.4,
54c9574067f2b588e979,2026-09-22T00:50:34,2026-27,6,2026-10-10,Ipswich,Fulham,,Ipswich,H,corners,4.43655026619445,4.5,3.0,4.0,0.32123077091893293,,pending,,,,,,count-models-v1.4,
df20fd5da3095d49e01f,2026-09-22T00:50:34,2026-27,6,2026-10-11,Liverpool,Manchester City,,CELKEM,T,fouls_total,23.70238921262015,23.5,22.0,25.0,0.3194019260467545,,pending,,,,,,count-models-v1.4,
897c5e8ae56441c49e06,2026-09-22T00:50:34,2026-27,6,2026-10-10,Ipswich,Fulham,,Ipswich,H,yellow_cards,1.606635835789011,1.5,1.0,2.0,0.5810809924314684,,pending,,,,,,count-models-v1.4,
761042e4c2577eb510fc,2026-09-22T00:50:34,2026-27,6,2026-10-11,Liverpool,Manchester City,,CELKEM,T,corners_total,10.252834943473687,10.5,8.0,10.0,0.29901134142648167,,pending,,,,,,count-models-v1.4,
3f88bf3a4b0af88498cf,2026-09-22T00:50:34,2026-27,6,2026-10-10,Ipswich,Fulham,,Fulham,A,corners,5.986358576404674,5.5,4.0,5.0,0.2613558701284564,,pending,,,,,,count-models-v1.4,
18d8ce6a53f9825aa16b,2026-09-22T00:50:34,2026-27,6,2026-10-10,Ipswich,Fulham,,Ipswich,H,fouls,10.617820952699406,10.5,9.0,11.0,0.3570962383671287,,pending,,,,,,count-models-v1.4,
a3b88f221b1adcd5e9cc,2026-09-22T00:50:34,2026-27,6,2026-10-10,Ipswich,Fulham,,CELKEM,T,yellow_cards_total,3.4252331074506595,3.5,2.0,3.0,0.40884441231355195,,pending,,,,,,count-models-v1.4,
9314ce2fd5147aaa1543,2026-09-22T00:50:34,2026-27,6,2026-10-11,Hull,Everton,,CELKEM,T,fouls_total,20.335328930009055,20.5,18.0,21.0,0.3429078929796812,,pending,,,,,,count-models-v1.4,
cb53332aaf0980ec8fa2,2026-09-22T00:50:34,2026-27,6,2026-10-10,Ipswich,Fulham,,CELKEM,T,corners_total,10.422908842599124,10.5,8.0,10.0,0.2946454402198353,,pending,,,,,,count-models-v1.4,
1ae25c706027838dc5e1,2026-09-22T00:50:34,2026-27,6,2026-10-11,Hull,Everton,,Hull,H,yellow_cards,2.3423647506294123,2.5,1.0,2.0,0.4887364646985477,,pending,,,,,,count-models-v1.4,
b98eeb435aae7f63d075,2026-09-22T00:50:34,2026-27,6,2026-10-11,Hull,Everton,,Hull,H,fouls,11.340515247951911,11.5,10.0,12.0,0.34619657014380406,,pending,,,,,,count-models-v1.4,
46a0d7a657720c205d85,2026-09-22T00:50:34,2026-27,6,2026-10-11,Hull,Everton,,Hull,H,corners,4.4635774267160295,4.5,3.0,4.0,0.3199866239974868,,pending,,,,,,count-models-v1.4,
f1248d4bafb0588367b8,2026-09-22T00:50:34,2026-27,6,2026-10-11,Hull,Everton,,Everton,A,yellow_cards,1.6298943980441365,1.5,1.0,2.0,0.5796546429636742,,pending,,,,,,count-models-v1.4,
b9ca45a568d25d0ba612,2026-09-22T00:50:34,2026-27,6,2026-10-11,Hull,Everton,,Everton,A,fouls,8.994813682057144,8.5,8.0,10.0,0.38209842112349374,,pending,,,,,,count-models-v1.4,
fed961e46bd1e6212c13,2026-09-22T00:50:34,2026-27,6,2026-10-11,Hull,Everton,,Everton,A,corners,6.02863389688209,6.5,4.0,5.0,0.2597030746387239,,pending,,,,,,count-models-v1.4,
658258f13bf1e244ea2f,2026-09-22T00:50:34,2026-27,6,2026-10-11,Hull,Everton,,CELKEM,T,yellow_cards_total,3.972259148673549,3.5,3.0,4.0,0.39206011120037454,,pending,,,,,,count-models-v1.4,
c2c36c06c7d1cae1762c,2026-09-22T00:50:34,2026-27,6,2026-10-11,Liverpool,Manchester City,,CELKEM,T,yellow_cards_total,3.9339307591824992,3.5,3.0,4.0,0.3937974307754025,,pending,,,,,,count-models-v1.4,
88218d5716837647f830,2026-09-22T00:50:34,2026-27,6,2026-10-10,Ipswich,Fulham,,CELKEM,T,fouls_total,21.44127606330984,21.5,19.0,22.0,0.33383634296344966,,pending,,,,,,count-models-v1.4,
a747a1f19ef210d77c46,2026-09-22T00:50:34,2026-27,6,2026-10-11,Liverpool,Manchester City,,Liverpool,H,corners,4.485647343885304,4.5,3.0,4.0,0.318956700552761,,pending,,,,,,count-models-v1.4,
3ccfea43f56adac2567a,2026-09-22T00:50:34,2026-27,6,2026-10-10,Manchester United,Tottenham,,Manchester United,H,fouls,11.671838151134931,11.5,10.0,12.0,0.3412035596786915,,pending,,,,,,count-models-v1.4,
0652358250582099d72e,2026-09-22T00:50:34,2026-27,6,2026-10-11,Liverpool,Manchester City,,Liverpool,H,yellow_cards,2.137587273083115,2.5,1.0,2.0,0.521553266163882,,pending,,,,,,count-models-v1.4,
90c28ddd232de778e1b9,2026-09-22T00:50:34,2026-27,6,2026-10-11,Hull,Everton,,CELKEM,T,corners_total,10.49221132359812,10.5,8.0,10.0,0.2928735211479262,,pending,,,,,,count-models-v1.4,
a7b41b42f556072267bb,2026-09-22T00:50:34,2026-27,6,2026-10-10,Sunderland,Brighton & Hove Albion,,Sunderland,H,corners,4.765631652313111,4.5,3.0,4.0,0.3049483940885177,,pending,,,,,,count-models-v1.4,
01508ebd262ae766080e,2026-09-22T00:50:34,2026-27,6,2026-10-10,Sunderland,Brighton & Hove Albion,,CELKEM,T,yellow_cards_total,4.249436020821376,4.5,3.0,4.0,0.37644391957475404,,pending,,,,,,count-models-v1.4,
ffef05ba79500af89eab,2026-09-22T00:50:34,2026-27,6,2026-10-10,Sunderland,Brighton & Hove Albion,,CELKEM,T,fouls_total,24.851950309770267,24.5,23.0,26.0,0.3126478894839077,,pending,,,,,,count-models-v1.4,
5dc9eefd0905b3566abf,2026-09-22T00:50:34,2026-27,6,2026-10-10,Sunderland,Brighton & Hove Albion,,CELKEM,T,corners_total,10.038000661632068,10.5,8.0,10.0,0.30424017062975306,,pending,,,,,,count-models-v1.4,
276097035b675399d8f1,2026-09-22T00:50:34,2026-27,6,2026-10-10,Sunderland,Brighton & Hove Albion,,Brighton & Hove Albion,A,yellow_cards,2.1203918194838174,2.5,1.0,2.0,0.5241434632684856,,pending,,,,,,count-models-v1.4,
97ac60cb3008fd5ceb90,2026-09-22T00:50:34,2026-27,6,2026-10-10,Sunderland,Brighton & Hove Albion,,Brighton & Hove Albion,A,fouls,12.944286999965453,12.5,11.0,13.0,0.322672544700964,,pending,,,,,,count-models-v1.4,
6b5ff87bb714ac5878b5,2026-09-22T00:50:34,2026-27,6,2026-10-10,Sunderland,Brighton & Hove Albion,,Brighton & Hove Albion,A,corners,5.272369009318957,5.5,4.0,5.0,0.2853500649372541,,pending,,,,,,count-models-v1.4,
202b712a0d2a37a00abc,2026-09-22T00:50:34,2026-27,6,2026-10-10,Manchester United,Tottenham,,Tottenham,A,yellow_cards,1.7707514656881078,1.5,1.0,2.0,0.5682349374490481,,pending,,,,,,count-models-v1.4,
a4ca768b20933fa57179,2026-09-22T00:50:34,2026-27,6,2026-10-10,Manchester United,Tottenham,,Tottenham,A,fouls,11.389828427867897,11.5,10.0,12.0,0.34563780276404543,,pending,,,,,,count-models-v1.4,
48d353fa23b4ce809c06,2026-09-22T00:50:34,2026-27,6,2026-10-10,Manchester United,Tottenham,,Tottenham,A,corners,5.009308724146289,5.5,3.0,4.0,0.2916722078897508,,pending,,,,,,count-models-v1.4,
39c58521d7e62fb70d4e,2026-09-22T00:50:34,2026-27,6,2026-10-10,Manchester United,Tottenham,,Manchester United,H,yellow_cards,1.7198887032027654,1.5,1.0,2.0,0.5728779692332782,,pending,,,,,,count-models-v1.4,
deb42c66b700edb52c21,2026-09-22T00:50:34,2026-27,6,2026-10-10,Manchester United,Tottenham,,Manchester United,H,corners,5.918527122065427,5.5,4.0,5.0,0.263966959049723,,pending,,,,,,count-models-v1.4,
5a2b2b5de97c3ef6ee16,2026-09-22T00:50:34,2026-27,6,2026-10-10,Manchester United,Tottenham,,CELKEM,T,yellow_cards_total,3.4906401688908733,3.5,3.0,4.0,0.4046291586802666,,pending,,,,,,count-models-v1.4,
b1750111e8d996d1a861,2026-09-22T00:50:34,2026-27,6,2026-10-10,Manchester United,Tottenham,,CELKEM,T,fouls_total,23.06166657900283,23.5,21.0,24.0,0.32402152346138713,,pending,,,,,,count-models-v1.4,
ea4773bf35ebe6689e5d,2026-09-22T00:50:34,2026-27,6,2026-10-10,Manchester United,Tottenham,,CELKEM,T,corners_total,10.927835846211716,10.5,9.0,11.0,0.28735544255310097,,pending,,,,,,count-models-v1.4,
50f57ce97ce18edb3ae4,2026-09-22T00:50:34,2026-27,6,2026-10-11,Liverpool,Manchester City,,Manchester City,A,yellow_cards,1.796343486099384,1.5,1.0,2.0,0.5656956300756596,,pending,,,,,,count-models-v1.4,
6c5a3b853a6e13492c97,2026-09-22T00:50:34,2026-27,6,2026-10-11,Liverpool,Manchester City,,Manchester City,A,fouls,10.791911481754285,10.5,9.0,11.0,0.35310438918806464,,pending,,,,,,count-models-v1.4,
a548ce52739822319813,2026-09-22T00:50:34,2026-27,6,2026-10-11,Liverpool,Manchester City,,Manchester City,A,corners,5.767187599588382,5.5,4.0,5.0,0.2695887331530437,,pending,,,,,,count-models-v1.4,
2cff3ec9afe9337a69d4,2026-09-22T00:50:34,2026-27,6,2026-10-11,Liverpool,Manchester City,,Liverpool,H,fouls,12.910477730865866,12.5,11.0,13.0,0.32343695389966454,,pending,,,,,,count-models-v1.4,
f8f58ff2a157c87f11bb,2026-09-22T00:50:34,2026-27,6,2026-10-11,Crystal Palace,Nottingham Forest,,Nottingham Forest,A,yellow_cards,2.2444598338321073,2.5,1.0,2.0,0.5048330155599853,,pending,,,,,,count-models-v1.4,
7b8e4fa867948c37ef6d,2026-09-22T00:50:34,2026-27,6,2026-10-10,Chelsea,Bournemouth,,CELKEM,T,fouls_total,22.924467515472035,22.5,21.0,24.0,0.3249754902555172,,pending,,,,,,count-models-v1.4,
d6630cc50b2113c7e6b0,2026-09-22T00:50:34,2026-27,6,2026-10-11,Crystal Palace,Nottingham Forest,,Nottingham Forest,A,corners,5.174370224429776,5.5,4.0,5.0,0.287858738106324,,pending,,,,,,count-models-v1.4,
06b5792998eed93085bd,2026-09-22T00:50:34,2026-27,6,2026-10-10,Chelsea,Bournemouth,,Bournemouth,A,corners,4.8436392209184,4.5,3.0,4.0,0.3007871704084995,,pending,,,,,,count-models-v1.4,
2b3d997b435de36759dc,2026-09-22T00:50:34,2026-27,6,2026-10-10,Aston Villa,Brentford,,CELKEM,T,yellow_cards_total,3.8429044332281856,3.5,3.0,4.0,0.3974589169425814,,pending,,,,,,count-models-v1.4,
3997874412d220d6a39f,2026-09-22T00:50:34,2026-27,6,2026-10-10,Aston Villa,Brentford,,CELKEM,T,fouls_total,22.75400925041503,22.5,21.0,24.0,0.3258183562347787,,pending,,,,,,count-models-v1.4,
89576f526547065042fb,2026-09-22T00:50:34,2026-27,6,2026-10-10,Aston Villa,Brentford,,CELKEM,T,corners_total,10.012584656575303,10.5,8.0,10.0,0.3046979586442583,,pending,,,,,,count-models-v1.4,
2a272c3c6ec3415040d8,2026-09-22T00:50:34,2026-27,6,2026-10-10,Aston Villa,Brentford,,Brentford,A,yellow_cards,2.075736686565417,2.5,1.0,2.0,0.5307223719711065,,pending,,,,,,count-models-v1.4,
4c61a3881c7e81c0dd58,2026-09-22T00:50:34,2026-27,6,2026-10-10,Aston Villa,Brentford,,Brentford,A,fouls,12.305282213540872,12.5,11.0,13.0,0.3328810205611785,,pending,,,,,,count-models-v1.4,
a4fdc0e29b0f0a88d90a,2026-09-22T00:50:34,2026-27,6,2026-10-10,Aston Villa,Brentford,,Brentford,A,corners,5.311159674441486,5.5,4.0,5.0,0.2842928928473541,,pending,,,,,,count-models-v1.4,
17037dafd0cc4eed0f22,2026-09-22T00:50:34,2026-27,6,2026-10-10,Aston Villa,Brentford,,Aston Villa,H,yellow_cards,1.7671677466627689,1.5,1.0,2.0,0.5685799473631014,,pending,,,,,,count-models-v1.4,
f84ff3740ad462446038,2026-09-22T00:50:34,2026-27,6,2026-10-10,Aston Villa,Brentford,,Aston Villa,H,fouls,10.448727036874157,10.5,9.0,11.0,0.36014897035983795,,pending,,,,,,count-models-v1.4,
e91d2181c0f6c7667f05,2026-09-22T00:50:34,2026-27,6,2026-10-10,Aston Villa,Brentford,,Aston Villa,H,corners,4.701424982133818,4.5,3.0,4.0,0.30829839249647606,,pending,,,,,,count-models-v1.4,
aa8e8482d4ffc0ff4c5e,2026-09-22T00:50:34,2026-27,6,2026-10-10,Arsenal,Leeds,,Leeds,A,yellow_cards,2.145519157777207,2.5,1.0,2.0,0.520348367748048,,pending,,,,,,count-models-v1.4,
30c8c1ac70b4818691d7,2026-09-22T00:50:34,2026-27,6,2026-10-10,Arsenal,Leeds,,Leeds,A,fouls,12.992743297774432,12.5,12.0,14.0,0.3219703643116074,,pending,,,,,,count-models-v1.4,
b679be2f449d49c4cb78,2026-09-22T00:50:34,2026-27,6,2026-10-10,Arsenal,Leeds,,Leeds,A,corners,4.102958150249268,4.5,3.0,4.0,0.3347643673835707,,pending,,,,,,count-models-v1.4,
087af510dd0b831300af,2026-09-22T00:50:34,2026-27,6,2026-10-10,Arsenal,Leeds,,CELKEM,T,yellow_cards_total,3.9265163504965046,3.5,3.0,4.0,0.39412044521361744,,pending,,,,,,count-models-v1.4,
7184043f0cab728589f9,2026-09-22T00:50:34,2026-27,6,2026-10-10,Arsenal,Leeds,,CELKEM,T,fouls_total,24.573165865273822,24.5,23.0,26.0,0.31344584348937443,,pending,,,,,,count-models-v1.4,
820e83f1d06dfae94e9f,2026-09-22T00:50:34,2026-27,6,2026-10-10,Arsenal,Leeds,,CELKEM,T,corners_total,9.860263050744637,9.5,8.0,10.0,0.30642241070053233,,pending,,,,,,count-models-v1.4,
7853541550d06d3cb1f1,2026-09-22T00:50:34,2026-27,6,2026-10-10,Arsenal,Leeds,,Arsenal,H,yellow_cards,1.7809971927192976,1.5,1.0,2.0,0.567234112995814,,pending,,,,,,count-models-v1.4,
e850934a9fbfc3d3d3e8,2026-09-22T00:50:34,2026-27,6,2026-10-10,Arsenal,Leeds,,Arsenal,H,fouls,11.58042256749939,11.5,10.0,12.0,0.3428663902727047,,pending,,,,,,count-models-v1.4,
7933a3982d5d0149822f,2026-09-22T00:50:34,2026-27,6,2026-10-10,Arsenal,Leeds,,Arsenal,H,corners,5.7573049004953685,5.5,4.0,5.0,0.26994507027573933,,pending,,,,,,count-models-v1.4,
52d4d43d9343f1a897ab,2026-09-22T00:50:34,2026-27,6,2026-10-10,Chelsea,Bournemouth,,Bournemouth,A,fouls,12.01482856587852,12.5,11.0,13.0,0.3342924574992453,,pending,,,,,,count-models-v1.4,
e5835bc91d0b8f8fada5,2026-09-22T00:50:34,2026-27,6,2026-10-11,Crystal Palace,Nottingham Forest,,Nottingham Forest,A,fouls,11.953669921774399,11.5,10.0,12.0,0.33480056456054086,,pending,,,,,,count-models-v1.4,
ceca994019ab9e19f6b4,2026-09-22T00:50:34,2026-27,6,2026-10-10,Chelsea,Bournemouth,,Bournemouth,A,yellow_cards,2.304033374977351,2.5,1.0,2.0,0.49511424260401554,,pending,,,,,,count-models-v1.4,
6a32292aeeef773d610e,2026-09-22T00:50:34,2026-27,6,2026-10-10,Sunderland,Brighton & Hove Albion,,Sunderland,H,fouls,11.907663309804816,11.5,10.0,12.0,0.33597215061015806,,pending,,,,,,count-models-v1.4,
af6d760b675546ba7a04,2026-09-22T00:50:34,2026-27,6,2026-10-11,Crystal Palace,Nottingham Forest,,Crystal Palace,H,yellow_cards,1.6792953574379892,1.5,1.0,2.0,0.5761731776825323,,pending,,,,,,count-models-v1.4,
fb98997e7b0d4e7aa6c7,2026-09-22T00:50:34,2026-27,6,2026-10-11,Crystal Palace,Nottingham Forest,,Crystal Palace,H,fouls,11.132179654425329,11.5,10.0,12.0,0.34780937070640155,,pending,,,,,,count-models-v1.4,
182380cebc3c68ebccad,2026-09-22T00:50:34,2026-27,6,2026-10-11,Crystal Palace,Nottingham Forest,,Crystal Palace,H,corners,4.355640574749954,4.5,3.0,4.0,0.3248362320561251,,pending,,,,,,count-models-v1.4,
61b536c8b3f34d6e6e79,2026-09-22T00:50:34,2026-27,6,2026-10-11,Crystal Palace,Nottingham Forest,,CELKEM,T,yellow_cards_total,3.9237551912700965,3.5,3.0,4.0,0.39423964000442935,,pending,,,,,,count-models-v1.4,
c86095479d740360d802,2026-09-22T00:50:34,2026-27,6,2026-10-11,Crystal Palace,Nottingham Forest,,CELKEM,T,fouls_total,23.085849576199728,23.5,21.0,24.0,0.32382830560585346,,pending,,,,,,count-models-v1.4,
c4a0935871e4801e8752,2026-09-22T00:50:34,2026-27,6,2026-10-11,Crystal Palace,Nottingham Forest,,CELKEM,T,corners_total,9.53001079917973,9.5,8.0,10.0,0.31224471983976865,,pending,,,,,,count-models-v1.4,
0fec452cd94b3f948ea3,2026-09-22T00:50:34,2026-27,6,2026-10-12,Coventry,Newcastle United,,Newcastle United,A,yellow_cards,1.9523379873734599,1.5,1.0,2.0,0.5476328237199988,,pending,,,,,,count-models-v1.4,
250bf28db626a59a5910,2026-09-22T00:50:34,2026-27,6,2026-10-12,Coventry,Newcastle United,,Newcastle United,A,fouls,11.52450938015073,11.5,10.0,12.0,0.34377836529598643,,pending,,,,,,count-models-v1.4,
c4c77cde6ceebfc0edd8,2026-09-22T00:50:34,2026-27,6,2026-10-12,Coventry,Newcastle United,,Newcastle United,A,corners,4.427758032413064,4.5,3.0,4.0,0.3216313417513298,,pending,,,,,,count-models-v1.4,
52237976c03245db6580,2026-09-22T00:50:34,2026-27,6,2026-10-12,Coventry,Newcastle United,,Coventry,H,yellow_cards,1.7210941837857332,1.5,1.0,2.0,0.5727743972034689,,pending,,,,,,count-models-v1.4,
26059c63a92886169bc9,2026-09-22T00:50:34,2026-27,6,2026-10-12,Coventry,Newcastle United,,Coventry,H,fouls,12.269132825597012,12.5,11.0,13.0,0.3331729602039467,,pending,,,,,,count-models-v1.4,
160401387269f188d687,2026-09-22T00:50:34,2026-27,6,2026-10-12,Coventry,Newcastle United,,Coventry,H,corners,5.196656839273553,5.5,4.0,5.0,0.28730932106055235,,pending,,,,,,count-models-v1.4,
434cf0bbc6b409b3ce06,2026-09-22T00:50:34,2026-27,6,2026-10-12,Coventry,Newcastle United,,CELKEM,T,yellow_cards_total,3.673432171159193,3.5,3.0,4.0,0.4023862858595617,,pending,,,,,,count-models-v1.4,
e01611ee49714e8c6eca,2026-09-22T00:50:34,2026-27,6,2026-10-12,Coventry,Newcastle United,,CELKEM,T,fouls_total,23.793642205747744,23.5,22.0,25.0,0.3190825849727228,,pending,,,,,,count-models-v1.4,
dc4590de87e49e2f56f9,2026-09-22T00:50:34,2026-27,6,2026-10-12,Coventry,Newcastle United,,CELKEM,T,corners_total,9.624414871686618,9.5,8.0,10.0,0.31109403505929367,,pending,,,,,,count-models-v1.4,
f7ad350b06b6262157d0,2026-09-22T00:50:34,2026-27,6,2026-10-10,Chelsea,Bournemouth,,Chelsea,H,yellow_cards,1.7800452193268952,1.5,1.0,2.0,0.5673279998988512,,pending,,,,,,count-models-v1.4,
2457c2e40f33efc1990a,2026-09-22T00:50:34,2026-27,6,2026-10-10,Chelsea,Bournemouth,,Chelsea,H,fouls,10.909638949593514,10.5,9.0,11.0,0.34994499010636115,,pending,,,,,,count-models-v1.4,
6cdb7069e4a169cadfd9,2026-09-22T00:50:34,2026-27,6,2026-10-10,Chelsea,Bournemouth,,Chelsea,H,corners,5.913588731845547,5.5,4.0,5.0,0.26415498607299703,,pending,,,,,,count-models-v1.4,
5437ea896054ca10cbf7,2026-09-22T00:50:34,2026-27,6,2026-10-10,Chelsea,Bournemouth,,CELKEM,T,yellow_cards_total,4.084078594304247,4.5,3.0,4.0,0.3863747717516211,,pending,,,,,,count-models-v1.4,
619554d2b55a2da61ffa,2026-09-22T00:50:34,2026-27,6,2026-10-10,Chelsea,Bournemouth,,CELKEM,T,corners_total,10.757227952763946,10.5,9.0,11.0,0.28963002103319746,,pending,,,,,,count-models-v1.4,
979ef4793f789ca4ae1b,2026-09-22T00:50:34,2026-27,6,2026-10-10,Sunderland,Brighton & Hove Albion,,Sunderland,H,yellow_cards,2.129044201337558,2.5,1.0,2.0,0.522843924636704,,pending,,,,,,count-models-v1.4,
